symbol,entry_time,exit_time,entry_px,exit_px,sl_px,tp_px,qty,pnl,r_mult,reason
AAPL,2025-10-20 17:35:00+00:00,2025-10-20 18:15:00+00:00,263.0686950683594,263.72306169782365,262.63245064871654,263.72306169782365,1146,749.9041573660621,1.500000000000065,TP
MSFT,2025-10-20 17:35:00+00:00,2025-10-20 18:35:00+00:00,517.7501220703125,517.3511875697544,517.3511875697544,518.3485238211496,1253,-499.8649291992798,-1.0,SL
SPY,2025-10-20 17:55:00+00:00,2025-10-20 18:45:00+00:00,671.798828125,671.51613507952,671.51613507952,672.2228676932199,1768,-499.8013044085683,-1.0,SL
AAPL,2025-10-20 18:20:00+00:00,2025-10-20 18:30:00+00:00,263.7300109863281,263.3796604701451,263.3796604701451,264.2555367606027,1427,-499.9501865931804,-1.0,SL
AAPL,2025-10-20 18:35:00+00:00,2025-10-20 18:45:00+00:00,263.5,263.1803000313895,263.1803000313895,263.97954995291576,1563,-499.69105093822293,-1.0,SL
AAPL,2025-10-20 18:50:00+00:00,2025-10-20 19:05:00+00:00,263.1700134277344,263.6863316127232,262.82580130440846,263.6863316127232,1452,749.6940046038064,1.4999999999999174,TP
SPY,2025-10-20 19:00:00+00:00,2025-10-20 19:15:00+00:00,671.85498046875,671.5882524762835,671.5882524762835,672.2550724574497,1874,-499.8482578821936,-1.0,SL
AAPL,2025-10-20 19:10:00+00:00,2025-10-20 19:50:00+00:00,263.5,263.1731937953404,263.1731937953404,263.9902093069894,1529,-499.68668692451325,-1.0,SL
SPY,2025-10-20 19:25:00+00:00,2025-10-20 19:55:00+00:00,671.7100219726562,671.4243643624442,671.4243643624442,672.1385083879743,1750,-499.9008178711222,-1.0,SL
SPY,2025-10-21 13:30:00+00:00,2025-10-21 13:40:00+00:00,671.5050048828125,671.135724748884,671.135724748884,672.0589250837054,1353,-499.63602120533517,-1.0,SL
AAPL,2025-10-21 13:35:00+00:00,2025-10-21 13:40:00+00:00,264.739990234375,264.1387176513672,264.1387176513672,265.6418991088867,831,-499.6575164794922,-1.0,SL
MSFT,2025-10-21 13:40:00+00:00,2025-10-21 13:45:00+00:00,517.25,516.5927821568081,516.5927821568081,518.2358267647879,760,-499.4855608258558,-1.0,SL
AAPL,2025-10-21 13:45:00+00:00,2025-10-21 13:50:00+00:00,263.67498779296875,264.7847115652902,262.9351719447545,264.7847115652902,675,749.0635463169752,1.5000000000000384,TP
MSFT,2025-10-21 13:50:00+00:00,2025-10-21 14:00:00+00:00,517.969970703125,517.1422598702567,517.1422598702567,519.2115369524274,604,-499.93734305246517,-1.0,SL
AAPL,2025-10-21 13:55:00+00:00,2025-10-21 14:40:00+00:00,263.80499267578125,262.9075251988002,262.9075251988002,265.1511938912528,557,-499.88938467843644,-1.0,SL
SPY,2025-10-21 14:50:00+00:00,2025-10-21 16:55:00+00:00,672.094970703125,671.3836233956473,671.3836233956473,673.1619916643415,702,-499.36580984934176,-1.0,SL
AAPL,2025-10-21 15:35:00+00:00,2025-10-21 16:05:00+00:00,264.2101135253906,263.6392713274275,263.6392713274275,265.06637682233537,875,-499.4869232177521,-1.0,SL
AAPL,2025-10-21 16:10:00+00:00,2025-10-21 16:25:00+00:00,263.6249084472656,263.129405430385,263.129405430385,264.3681629725865,1009,-499.96254403253016,-1.0,SL
AAPL,2025-10-21 17:40:00+00:00,2025-10-21 18:20:00+00:00,263.6824951171875,263.37902178083147,263.37902178083147,264.1377051217215,1647,-499.8205849783895,-1.0,SL
SPY,2025-10-21 18:00:00+00:00,2025-10-21 18:15:00+00:00,672.3200073242188,671.7968008858817,671.7968008858817,673.1048169817243,955,-499.66214861190167,-1.0,SL
MSFT,2025-10-21 18:15:00+00:00,2025-10-21 18:55:00+00:00,515.6900024414062,516.6796024867466,515.030269077846,516.6796024867466,757,749.1272343226473,1.5,TP
SPY,2025-10-21 18:20:00+00:00,2025-10-21 18:40:00+00:00,672.2849731445312,671.845698765346,671.845698765346,672.9438847133091,1138,-499.89424351279786,-1.0,SL
AAPL,2025-10-21 18:25:00+00:00,2025-10-21 19:25:00+00:00,263.44989013671875,263.1007603236607,263.1007603236607,263.9735848563058,1432,-499.9538922990955,-1.0,SL
SPY,2025-10-21 18:45:00+00:00,2025-10-21 19:55:00+00:00,672.030029296875,671.6693246023996,671.6693246023996,672.5710863385882,1386,-499.93670654294624,-1.0,SL
MSFT,2025-10-21 19:10:00+00:00,2025-10-21 19:50:00+00:00,517.010009765625,517.7532152448382,516.5145394461496,517.7532152448382,1009,749.894328526121,1.5000000000001148,TP
MSFT,2025-10-22 14:30:00+00:00,2025-10-22 14:55:00+00:00,522.25,524.5165383475168,520.7389744349888,524.5165383475168,330,747.9576546805299,1.4999999999999625,TP
MSFT,2025-10-22 15:00:00+00:00,2025-10-22 15:05:00+00:00,524.7750244140625,523.5929303850446,523.5929303850446,526.5481654575893,422,-498.8436802455494,-1.0,SL
MSFT,2025-10-22 15:10:00+00:00,2025-10-22 15:20:00+00:00,523.4000244140625,522.2188415527344,522.2188415527344,525.1717987060547,423,-499.6403503417969,-1.0,SL
MSFT,2025-10-22 15:25:00+00:00,2025-10-22 16:30:00+00:00,522.7100219726562,521.5536804199219,521.5536804199219,524.4445343017578,432,-499.53955078125,-1.0,SL
MSFT,2025-10-22 16:35:00+00:00,2025-10-22 16:50:00+00:00,522.8599853515625,521.8264290945871,521.8264290945871,524.4103197370257,483,-499.2076721191328,-1.0,SL
MSFT,2025-10-22 16:55:00+00:00,2025-10-22 17:05:00+00:00,522.9099731445312,521.8928527832031,521.8928527832031,524.4356536865234,491,-499.4060974121094,-1.0,SL
SPY,2025-10-22 19:10:00+00:00,2025-10-22 19:35:00+00:00,666.8900146484375,668.2765611921038,665.9656502859933,668.2765611921038,540,748.7351335798166,1.5000000000000615,TP
AAPL,2025-10-22 19:30:00+00:00,2025-10-22 19:50:00+00:00,257.6000061035156,258.25513131277904,257.1632559640067,258.25513131277904,1144,749.4632393973493,1.5,TP
SPY,2025-10-22 19:40:00+00:00,2025-10-23 13:35:00+00:00,667.6599731445312,668.8760223388672,666.8492736816406,668.8760223388672,616,749.0863037109375,1.5,TP
MSFT,2025-10-22 19:45:00+00:00,2025-10-22 19:50:00+00:00,520.7249755859375,520.069069998605,520.069069998605,521.7088339669364,762,-499.8000575473959,-1.0,SL
MSFT,2025-10-22 19:55:00+00:00,2025-10-23 13:30:00+00:00,520.47998046875,521.611323765346,519.7257516043527,521.611323765346,662,748.9492623465617,1.5000000000000753,TP
AAPL,2025-10-23 13:40:00+00:00,2025-10-23 14:25:00+00:00,258.5,259.4056952340262,257.89620317731584,259.4056952340262,828,749.9156537737031,1.499999999999953,TP
MSFT,2025-10-23 13:40:00+00:00,2025-10-23 13:45:00+00:00,520.5700073242188,522.2460501534598,519.4526454380581,522.2460501534598,447,749.1911446707517,1.5000000000000508,TP
MSFT,2025-10-23 13:50:00+00:00,2025-10-23 14:05:00+00:00,522.4000244140625,521.1791120256696,521.1791120256696,524.2313929966518,409,-499.35316685269186,-1.0,SL
SPY,2025-10-23 14:05:00+00:00,2025-10-23 14:15:00+00:00,669.3900146484375,668.615012032645,668.615012032645,670.5525185721261,645,-499.87668718613634,-1.0,SL
MSFT,2025-10-23 14:10:00+00:00,2025-10-23 16:05:00+00:00,521.5999755859375,523.7235216413226,520.1842782156808,523.7235216413226,353,749.6117575509322,1.5000000000000402,TP
SPY,2025-10-23 14:20:00+00:00,2025-10-23 15:55:00+00:00,669.4600219726562,670.7183489118304,668.6211373465402,670.7183489118304,596,749.9628557477872,1.5000000000000677,TP
AAPL,2025-10-23 14:30:00+00:00,2025-10-23 15:50:00+00:00,259.2637023925781,260.37943267822266,258.51988220214844,260.37943267822266,672,749.770751953125,1.5,TP
AAPL,2025-10-23 15:55:00+00:00,2025-10-23 17:00:00+00:00,260.25,259.76299830845426,259.76299830845426,260.9805025373186,1026,-499.663735525932,-1.0,SL
SPY,2025-10-23 16:00:00+00:00,2025-10-23 16:55:00+00:00,670.5,671.5243639264788,669.8170907156808,671.5243639264788,732,749.8343941825015,1.5000000000000833,TP
MSFT,2025-10-23 16:10:00+00:00,2025-10-23 16:20:00+00:00,523.52001953125,522.6864231654575,522.6864231654575,524.7704140799386,599,-499.3242231096832,-1.0,SL
MSFT,2025-10-23 16:25:00+00:00,2025-10-23 17:05:00+00:00,522.489990234375,521.7078203473773,521.7078203473773,523.6632450648716,639,-499.8065577915529,-1.0,SL
AAPL,2025-10-23 17:05:00+00:00,2025-10-23 19:35:00+00:00,259.94000244140625,259.875,259.5553218296596,260.5170233590262,1299,-84.43817138671875,-0.16897769063822438,TIME
SPY,2025-10-23 17:05:00+00:00,2025-10-23 17:10:00+00:00,670.780029296875,671.4309561593192,670.3460780552456,671.4309561593192,1152,749.8677455356956,1.500000000000131,TP
SPY,2025-10-23 17:15:00+00:00,2025-10-23 17:35:00+00:00,671.1599731445312,671.8678785051618,670.6880362374442,671.8678785051618,1059,749.6717769077502,1.4999999999998797,TP
MSFT,2025-10-23 17:35:00+00:00,2025-10-23 19:05:00+00:00,522.97998046875,522.4859793526786,522.4859793526786,523.7209821428571,1012,-499.92912946430215,-1.0,SL
SPY,2025-10-23 17:40:00+00:00,2025-10-23 19:50:00+00:00,672.1799926757812,671.6607666015625,671.6607666015625,672.9588317871094,962,-499.4954833984375,-1.0,SL
MSFT,2025-10-23 19:10:00+00:00,2025-10-23 19:30:00+00:00,522.7100219726562,522.3211975097656,522.3211975097656,523.2932586669922,1285,-499.6394348144531,-1.0,SL
AAPL,2025-10-24 13:40:00+00:00,2025-10-24 13:45:00+00:00,260.32000732421875,259.8274928501674,259.8274928501674,261.05877903529574,1015,-499.9021911621176,-1.0,SL
MSFT,2025-10-24 13:40:00+00:00,2025-10-24 13:45:00+00:00,524.4600219726562,523.644025530134,523.644025530134,525.6840166364398,612,-499.3898228236508,-1.0,SL
MSFT,2025-10-24 13:50:00+00:00,2025-10-24 16:20:00+00:00,522.53369140625,523.3699951171875,521.5345894949777,524.0323442731585,500,418.15185546875,0.8370554610114898,TIME
AAPL,2025-10-24 14:00:00+00:00,2025-10-24 14:25:00+00:00,260.260009765625,261.2762941632952,259.5824868338449,261.2762941632952,737,749.0016010829202,1.5000000000000002,TP
AAPL,2025-10-24 14:30:00+00:00,2025-10-24 15:10:00+00:00,261.2749938964844,262.41458020891463,260.5152696881975,262.41458020891463,658,749.8477935791069,1.4999999999999627,TP
SPY,2025-10-24 14:40:00+00:00,2025-10-24 14:50:00+00:00,677.5526733398438,676.901362827846,676.901362827846,678.5296391078404,767,-499.55516270226303,-1.0,SL
SPY,2025-10-24 14:55:00+00:00,2025-10-24 15:15:00+00:00,676.6900024414062,677.6392538888114,676.0571681431362,677.6392538888114,790,749.908643450043,1.50000000000009,TP
SPY,2025-10-24 15:20:00+00:00,2025-10-24 15:45:00+00:00,678.280029296875,677.64113507952,677.64113507952,679.2383706229074,782,-499.6152779715783,-1.0,SL
SPY,2025-10-24 15:50:00+00:00,2025-10-24 16:40:00+00:00,677.989990234375,677.4442574637277,677.4442574637277,678.808589390346,916,-499.89121791293155,-1.0,SL
AAPL,2025-10-24 16:20:00+00:00,2025-10-24 16:35:00+00:00,263.55169677734375,263.1650935581752,263.1650935581752,264.1316016060965,1293,-499.87796238491563,-1.0,SL
MSFT,2025-10-24 16:25:00+00:00,2025-10-24 16:35:00+00:00,523.9400024414062,524.7729230608259,523.3847220284598,524.7729230608259,900,749.6285574776493,1.4999999999998976,TP
MSFT,2025-10-24 16:40:00+00:00,2025-10-24 16:50:00+00:00,524.7999877929688,524.2451651436942,524.2451651436942,525.6322217668805,901,-499.8952069963874,-1.0,SL
AAPL,2025-10-24 16:45:00+00:00,2025-10-24 17:35:00+00:00,263.20001220703125,263.7561296735491,262.8292672293527,263.7561296735491,1348,749.6463448660386,1.5,TP
SPY,2025-10-24 16:45:00+00:00,2025-10-24 19:15:00+00:00,677.9310302734375,678.1599731445312,677.536355154855,678.5230429513114,1266,289.8416748046875,0.5800793116018788,TIME
MSFT,2025-10-24 17:15:00+00:00,2025-10-24 17:35:00+00:00,523.8049926757812,524.6694793701172,523.2286682128906,524.6694793701172,867,749.5099639892578,1.5,TP
MSFT,2025-10-24 17:40:00+00:00,2025-10-24 17:55:00+00:00,524.6500244140625,524.0689348493304,524.0689348493304,525.5216587611607,860,-499.7370256696149,-1.0,SL
AAPL,2025-10-24 18:00:00+00:00,2025-10-24 18:25:00+00:00,263.7101135253906,264.12302943638394,263.4348362513951,264.12302943638394,1816,749.8552943638688,1.5000000000001033,TP
MSFT,2025-10-24 18:00:00+00:00,2025-10-24 18:10:00+00:00,524.094970703125,524.8931405203683,523.5628574916294,524.8931405203683,939,749.4814583914773,1.4999999999998932,TP
MSFT,2025-10-24 18:15:00+00:00,2025-10-24 19:50:00+00:00,524.8801879882812,524.3692234584263,524.3692234584263,525.6466347830636,978,-499.72331019815033,-1.0,SL
AAPL,2025-10-24 18:30:00+00:00,2025-10-24 18:40:00+00:00,264.07000732421875,263.8422175816127,263.8422175816127,264.4116919381278,2195,-499.9984850202466,-1.0,SL
AAPL,2025-10-24 18:45:00+00:00,2025-10-24 18:50:00+00:00,263.81500244140625,263.58864048549106,263.58864048549106,264.15454537527904,2208,-499.80719866075015,-1.0,SL
AAPL,2025-10-24 19:20:00+00:00,2025-10-24 19:50:00+00:00,263.401611328125,263.13659014020647,263.13659014020647,263.7991431100028,1886,-499.82996041435683,-1.0,SL
SPY,2025-10-24 19:20:00+00:00,2025-10-24 19:30:00+00:00,678.3350219726562,678.1095886230469,678.1095886230469,678.6731719970703,2217,-499.7857360839844,-1.0,SL
SPY,2025-10-24 19:35:00+00:00,2025-10-24 19:40:00+00:00,678.030029296875,677.7981698172433,677.7981698172433,678.3778185163226,2156,-499.8890380859025,-1.0,SL
AAPL,2025-10-27 13:35:00+00:00,2025-10-27 13:40:00+00:00,265.43499755859375,264.8073185511998,264.8073185511998,266.3765160696847,796,-499.6324898855962,-1.0,SL
AAPL,2025-10-27 14:10:00+00:00,2025-10-27 14:50:00+00:00,266.23968505859375,265.4021977015904,265.4021977015904,267.4959160940988,597,-499.97995213099404,-1.0,SL
SPY,2025-10-27 14:40:00+00:00,2025-10-27 14:50:00+00:00,683.3200073242188,682.8297293526786,682.8297293526786,684.055424281529,1019,-499.5932529994585,-1.0,SL
MSFT,2025-10-27 14:55:00+00:00,2025-10-27 16:35:00+00:00,532.719970703125,531.578630719866,531.578630719866,534.4319806780134,438,-499.9069126674178,-1.0,SL
SPY,2025-10-27 14:55:00+00:00,2025-10-27 15:30:00+00:00,682.6900024414062,683.3745226178851,682.2336556570871,683.3745226178851,1095,749.5495932443157,1.5000000000001246,TP
AAPL,2025-10-27 15:20:00+00:00,2025-10-27 15:35:00+00:00,266.0350036621094,265.60274396623885,265.60274396623885,266.6833932059152,1156,-499.6922084263299,-1.0,SL
SPY,2025-10-27 15:35:00+00:00,2025-10-27 17:40:00+00:00,683.4400024414062,683.9205104282925,683.1196637834821,683.9205104282925,1560,749.5924595424867,1.5,TP
AAPL,2025-10-27 15:40:00+00:00,2025-10-27 15:50:00+00:00,265.4700012207031,265.0646776471819,265.0646776471819,266.07798658098494,1233,-499.76396615167624,-1.0,SL
AAPL,2025-10-27 15:55:00+00:00,2025-10-27 16:00:00+00:00,265.4101867675781,265.94167981828963,265.05585806710377,265.94167981828963,1411,749.9366945539316,1.4999999999999196,TP
AAPL,2025-10-27 16:05:00+00:00,2025-10-27 16:55:00+00:00,265.9200134277344,265.57425362723217,265.57425362723217,266.4386531284877,1446,-499.96867152619245,-1.0,SL
AAPL,2025-10-27 17:00:00+00:00,2025-10-27 18:50:00+00:00,265.68499755859375,266.07653263636996,265.4239741734096,266.07653263636996,1915,749.7896739414449,1.4999999999998912,TP
SPY,2025-10-27 17:45:00+00:00,2025-10-27 18:55:00+00:00,683.9000854492188,684.2198268345425,683.6869245256696,684.2198268345425,2345,749.7935485840986,1.5,TP
MSFT,2025-10-27 17:55:00+00:00,2025-10-27 18:05:00+00:00,531.885009765625,531.4614170619419,531.4614170619419,532.5203988211496,1180,-499.83939034603964,-1.0,SL
MSFT,2025-10-27 18:10:00+00:00,2025-10-27 18:25:00+00:00,531.7849731445312,532.4424329485212,531.3466666085379,532.4424329485212,1140,749.5041765485121,1.4999999999998703,TP
AAPL,2025-10-27 18:55:00+00:00,2025-10-27 19:00:00+00:00,266.2349853515625,266.05996486118863,266.05996486118863,266.4975160871233,2856,-499.8585205077661,-1.0,SL
SPY,2025-10-27 19:00:00+00:00,2025-10-27 19:10:00+00:00,684.0499877929688,684.266379220145,683.9057268415179,684.266379220145,3465,749.7962951658468,1.5,TP
MSFT,2025-10-27 19:00:00+00:00,2025-10-27 19:25:00+00:00,533.1168823242188,532.6536298479352,532.6536298479352,533.811761038644,1079,-499.8494219099123,-1.0,SL
SPY,2025-10-27 19:15:00+00:00,2025-10-27 19:25:00+00:00,684.010009765625,684.2344316755023,683.8603951590402,684.2344316755023,3341,749.7936008999411,1.50000000000038,TP
MSFT,2025-10-27 19:30:00+00:00,2025-10-27 19:40:00+00:00,532.8057861328125,532.3978794642857,532.3978794642857,533.4176461356027,1225,-499.6856689453722,-1.0,SL
MSFT,2025-10-27 19:45:00+00:00,2025-10-27 19:50:00+00:00,532.405029296875,533.0166015625,531.997314453125,533.0166015625,1226,749.78759765625,1.5,TP
SPY,2025-10-28 13:45:00+00:00,2025-10-28 13:50:00+00:00,685.6649780273438,685.1691763741629,685.1691763741629,686.4086805071149,1008,-499.76806640626637,-1.0,SL
AAPL,2025-10-28 13:50:00+00:00,2025-10-28 16:20:00+00:00,268.4800109863281,268.8399963378906,267.8011910574777,269.49824087960377,736,264.94921875,0.5303105231046015,TIME
SPY,2025-10-28 13:55:00+00:00,2025-10-28 15:35:00+00:00,685.6201171875,685.0310974121094,685.0310974121094,686.5036468505859,848,-499.48876953125,-1.0,SL
MSFT,2025-10-28 14:40:00+00:00,2025-10-28 15:45:00+00:00,543.47998046875,541.5505937848773,541.5505937848773,546.3740604945591,259,-499.71115112303846,-1.0,SL
SPY,2025-10-28 15:50:00+00:00,2025-10-28 16:05:00+00:00,685.4149780273438,686.0091160365513,685.0188860212054,686.0091160365513,1262,749.8021676199162,1.5,TP
MSFT,2025-10-28 15:50:00+00:00,2025-10-28 16:30:00+00:00,541.5399780273438,543.463128226144,540.2578778948102,543.463128226144,389,748.1054273333058,1.5,TP
SPY,2025-10-28 16:10:00+00:00,2025-10-28 16:30:00+00:00,685.7949829101562,686.339617047991,685.4318934849331,686.339617047991,1377,749.9612077985267,1.5000000000001565,TP
AAPL,2025-10-28 16:25:00+00:00,2025-10-28 16:30:00+00:00,268.9949951171875,269.3964309692383,268.7273712158203,269.3964309692383,1868,749.8821716308594,1.5,TP
SPY,2025-10-28 16:35:00+00:00,2025-10-28 16:45:00+00:00,686.280029296875,686.902103969029,685.8653128487723,686.902103969029,1205,749.5999799455524,1.499999999999863,TP
MSFT,2025-10-28 16:35:00+00:00,2025-10-28 17:40:00+00:00,543.2999877929688,542.0918099539621,542.0918099539621,545.1122545514788,413,-498.9774475097589,-1.0,SL
AAPL,2025-10-28 16:35:00+00:00,2025-10-28 16:50:00+00:00,268.9800109863281,269.399656023298,268.7002476283482,269.399656023298,1787,749.9056810651797,1.5000000000001017,TP
AAPL,2025-10-28 16:55:00+00:00,2025-10-28 17:10:00+00:00,269.5899963378906,269.30489022391185,269.30489022391185,270.0176555088588,1753,-499.7910178047843,-1.0,SL
SPY,2025-10-28 17:15:00+00:00,2025-10-28 18:05:00+00:00,687.0700073242188,687.7127271379743,686.6415274483817,687.7127271379743,1166,749.4113028389688,1.4999999999998674,TP
AAPL,2025-10-28 17:15:00+00:00,2025-10-28 17:30:00+00:00,269.5473937988281,269.2030051095145,269.2030051095145,270.0639768327986,1451,-499.7079881940805,-1.0,SL
AAPL,2025-10-28 17:35:00+00:00,2025-10-28 17:45:00+00:00,269.2651062011719,268.90429033551897,268.90429033551897,269.8063299996512,1385,-499.7299739292802,-1.0,SL
MSFT,2025-10-28 17:45:00+00:00,2025-10-28 18:05:00+00:00,542.5449829101562,543.548845563616,541.8757411411831,543.548845563616,747,749.8854021344745,1.500000000000085,TP
AAPL,2025-10-28 17:50:00+00:00,2025-10-28 19:50:00+00:00,268.9750061035156,268.6324005126953,268.6324005126953,269.4889144897461,1459,-499.86155700683594,-1.0,SL
MSFT,2025-10-28 18:10:00+00:00,2025-10-28 18:15:00+00:00,543.22998046875,544.2330845424107,542.5612444196429,544.2330845424107,747,749.3187430245172,1.5,TP
SPY,2025-10-28 18:10:00+00:00,2025-10-28 18:15:00+00:00,687.8250122070312,688.2608947753906,687.534423828125,688.2608947753906,1720,749.718017578125,1.5,TP
MSFT,2025-10-28 18:25:00+00:00,2025-10-28 18:50:00+00:00,543.7708740234375,544.9330967494419,542.9960588727679,544.9330967494419,645,749.633658272848,1.5,TP
SPY,2025-10-28 18:30:00+00:00,2025-10-28 19:25:00+00:00,688.0,688.425295148577,687.7164699009487,688.425295148577,1763,749.7953469412381,1.5000000000002005,TP
MSFT,2025-10-28 19:00:00+00:00,2025-10-28 19:05:00+00:00,544.9600219726562,544.1730215890067,544.1730215890067,546.1405225481305,635,-499.74524361747683,-1.0,SL
MSFT,2025-10-28 19:10:00+00:00,2025-10-28 19:50:00+00:00,543.8499755859375,543.0141906738281,543.0141906738281,545.1036529541016,598,-499.79937744140625,-1.0,SL
SPY,2025-10-28 19:30:00+00:00,2025-10-28 19:35:00+00:00,688.510009765625,688.2334987095425,688.2334987095425,688.9247763497489,1808,-499.93198939723334,-1.0,SL
SPY,2025-10-28 19:40:00+00:00,2025-10-28 19:50:00+00:00,687.530029296875,687.2113778250558,687.2113778250558,688.0080065046038,1569,-499.9641592842937,-1.0,SL
AAPL,2025-10-29 13:30:00+00:00,2025-10-29 13:35:00+00:00,269.6300048828125,269.26307678222656,269.26307678222656,270.1803970336914,1362,-499.7560729980469,-1.0,SL
SPY,2025-10-29 13:30:00+00:00,2025-10-29 13:55:00+00:00,688.8300170898438,689.5940769740513,688.3206438337054,689.5940769740513,981,749.5427464075973,1.5,TP
AAPL,2025-10-29 13:40:00+00:00,2025-10-29 13:50:00+00:00,270.04998779296875,270.8725335257394,269.50162397112166,270.8725335257394,911,749.3391625540745,1.5000000000000517,TP
SPY,2025-10-29 14:00:00+00:00,2025-10-29 14:10:00+00:00,689.1851196289062,688.5374145507812,688.5374145507812,690.1566772460938,771,-499.380615234375,-1.0,SL
AAPL,2025-10-29 14:05:00+00:00,2025-10-29 14:30:00+00:00,270.6700134277344,269.990232195173,269.990232195173,271.6896852765764,735,-499.63920593260525,-1.0,SL
SPY,2025-10-29 14:15:00+00:00,2025-10-29 14:50:00+00:00,688.7100219726562,688.0690394810268,688.0690394810268,689.6714957101004,780,-499.96634347094414,-1.0,SL
AAPL,2025-10-29 14:35:00+00:00,2025-10-29 14:55:00+00:00,269.7699890136719,269.0366952078683,269.0366952078683,270.8699297223772,681,-499.3730817522211,-1.0,SL
SPY,2025-10-29 14:55:00+00:00,2025-10-29 15:45:00+00:00,688.3499755859375,687.8611406598773,687.8611406598773,689.0832279750279,1022,-499.58929443356055,-1.0,SL
SPY,2025-10-29 16:35:00+00:00,2025-10-29 17:25:00+00:00,688.4000244140625,688.0475376674107,688.0475376674107,688.9287545340402,1418,-499.82620675230123,-1.0,SL
MSFT,2025-10-29 17:30:00+00:00,2025-10-29 17:45:00+00:00,539.2899780273438,538.7232012067523,538.7232012067523,540.140143258231,882,-499.8971557616901,-1.0,SL
MSFT,2025-10-29 18:00:00+00:00,2025-10-29 18:15:00+00:00,539.1300048828125,538.4769374302456,538.4769374302456,540.1096060616629,765,-499.5966012136904,-1.0,SL
MSFT,2025-10-29 18:20:00+00:00,2025-10-29 18:35:00+00:00,539.7780151367188,539.0543997628348,539.0543997628348,540.8634381975446,690,-499.2946079799219,-1.0,SL
AAPL,2025-10-29 18:35:00+00:00,2025-10-29 18:40:00+00:00,269.42999267578125,268.86990138462613,268.86990138462613,270.2701296125139,892,-499.601431710365,-1.0,SL
AAPL,2025-10-29 18:50:00+00:00,2025-10-29 19:00:00+00:00,269.510009765625,268.90311104910717,268.90311104910717,270.4203578404018,823,-499.4776436941764,-1.0,SL
MSFT,2025-10-29 19:15:00+00:00,2025-10-29 19:50:00+00:00,539.1749877929688,540.8664049421038,538.0473763602121,540.8664049421038,443,749.2977970668392,1.5000000000000504,TP
AAPL,2025-10-30 13:30:00+00:00,2025-10-30 14:00:00+00:00,271.3599853515625,270.4217333112444,270.4217333112444,272.76736341203963,532,-499.1500854492317,-1.0,SL
AAPL,2025-10-30 14:05:00+00:00,2025-10-30 14:25:00+00:00,270.1700134277344,269.1249738420759,269.1249738420759,271.7375728062221,478,-499.5289219447428,-1.0,SL
AAPL,2025-10-30 14:30:00+00:00,2025-10-30 15:20:00+00:00,269.4200134277344,271.00847298758373,268.3610403878348,271.00847298758373,472,749.7529122488954,1.5,TP
AAPL,2025-10-30 15:25:00+00:00,2025-10-30 16:00:00+00:00,270.7900085449219,271.76661464146207,270.1389378138951,271.76661464146207,767,749.0568760463294,1.5000000000000437,TP
AAPL,2025-10-30 16:25:00+00:00,2025-10-30 16:35:00+00:00,272.010009765625,271.5455017089844,271.5455017089844,272.70677185058594,1076,-499.8106689453125,-1.0,SL
AAPL,2025-10-30 16:45:00+00:00,2025-10-30 18:00:00+00:00,271.42999267578125,272.0944072178432,270.98704964774,272.0944072178432,1128,749.4596034458614,1.5000000000000642,TP
AAPL,2025-10-30 18:05:00+00:00,2025-10-30 18:20:00+00:00,271.92498779296875,271.59119960239957,271.59119960239957,272.4256700788225,1497,-499.68092128206274,-1.0,SL
AAPL,2025-10-30 18:25:00+00:00,2025-10-30 18:35:00+00:00,271.75,271.3921574183873,271.3921574183873,272.2867638724191,1397,-499.906086512963,-1.0,SL
AAPL,2025-10-30 18:40:00+00:00,2025-10-30 18:50:00+00:00,271.7550048828125,271.4044167654855,271.4044167654855,272.280887058803,1426,-499.9386553082916,-1.0,SL
AAPL,2025-10-30 18:55:00+00:00,2025-10-30 19:20:00+00:00,271.3599853515625,271.01261247907365,271.01261247907365,271.88104466029574,1439,-499.8695635114514,-1.0,SL
MSFT,2025-10-31 13:30:00+00:00,2025-10-31 13:35:00+00:00,525.5,524.3572387695312,524.3572387695312,527.2141418457031,437,-499.38665771484375,-1.0,SL
AAPL,2025-10-31 13:30:00+00:00,2025-10-31 13:35:00+00:00,273.0,272.2086617606027,272.2086617606027,274.18700735909596,631,-499.3344290596996,-1.0,SL
SPY,2025-10-31 13:50:00+00:00,2025-10-31 14:20:00+00:00,683.6199951171875,682.5328369140625,682.5328369140625,685.250732421875,459,-499.005615234375,-1.0,SL
SPY,2025-10-31 14:25:00+00:00,2025-10-31 15:55:00+00:00,683.25,682.1178458077567,682.1178458077567,684.9482312883649,441,-499.27999877930404,-1.0,SL
AAPL,2025-10-31 15:30:00+00:00,2025-10-31 15:35:00+00:00,271.1499938964844,270.5566079275949,270.5566079275949,272.0400728498186,842,-499.63098580495284,-1.0,SL
AAPL,2025-10-31 15:40:00+00:00,2025-10-31 16:15:00+00:00,271.0199890136719,271.9839968000139,270.3773171561105,271.9839968000139,778,749.9980577741161,1.5,TP
AAPL,2025-10-31 16:20:00+00:00,2025-10-31 16:55:00+00:00,272.42999267578125,271.7705601283482,271.7705601283482,273.4191414969308,758,-499.8498709542349,-1.0,SL
AAPL,2025-10-31 17:00:00+00:00,2025-10-31 17:20:00+00:00,271.2300109863281,270.54124886649,270.54124886649,272.26315416608537,725,-499.35253688265533,-1.0,SL
AAPL,2025-10-31 18:10:00+00:00,2025-10-31 19:30:00+00:00,271.42999267578125,272.17635018484935,270.9324210030692,272.17635018484935,1004,749.3429391043771,1.5,TP
SPY,2025-10-31 18:50:00+00:00,2025-10-31 18:55:00+00:00,681.7899780273438,682.5585043770926,681.2776271275112,682.5585043770926,975,749.313191005146,1.500000000000111,TP
SPY,2025-10-31 19:00:00+00:00,2025-10-31 19:20:00+00:00,682.489990234375,683.3270895821707,681.9319240025112,683.3270895821707,895,749.2039162771897,1.500000000000102,TP
MSFT,2025-10-31 19:20:00+00:00,2025-10-31 19:30:00+00:00,518.5150146484375,519.5918382917132,517.7971322195871,519.5918382917132,696,749.4692557198887,1.5000000000000793,TP
SPY,2025-10-31 19:35:00+00:00,2025-10-31 19:45:00+00:00,684.0900268554688,683.5443333217075,683.5443333217075,684.9085671561105,916,-499.85527692526784,-1.0,SL
AAPL,2025-10-31 19:35:00+00:00,2025-10-31 19:45:00+00:00,272.46099853515625,272.03944178989957,272.03944178989957,273.09333365304127,1186,-499.9662998744227,-1.0,SL
MSFT,2025-10-31 19:35:00+00:00,2025-10-31 19:45:00+00:00,518.6199951171875,517.8633815220425,517.8633815220425,519.7549155099051,660,-499.36497279572677,-1.0,SL
MSFT,2025-10-31 19:50:00+00:00,2025-11-03 14:30:00+00:00,517.2050170898438,518.6773027692523,516.2234933035714,518.6773027692523,509,749.393410818934,1.500000000000058,TP
SPY,2025-10-31 19:50:00+00:00,2025-10-31 19:55:00+00:00,683.0599975585938,682.4035775320871,682.4035775320871,684.0446275983538,761,-499.5356401715836,-1.0,SL
SPY,2025-11-03 14:30:00+00:00,2025-11-03 14:35:00+00:00,684.7000122070312,683.7432338169643,683.7432338169643,686.1351797921317,522,-499.4383196149299,-1.0,SL
SPY,2025-11-03 14:40:00+00:00,2025-11-03 14:55:00+00:00,683.1699829101562,682.206059047154,682.206059047154,684.6158687046596,518,-499.3125610351731,-1.0,SL
MSFT,2025-11-03 14:55:00+00:00,2025-11-03 15:05:00+00:00,522.3499755859375,520.5953935895648,520.5953935895648,524.9818485804966,284,-498.30128696985685,-1.0,SL
SPY,2025-11-03 15:00:00+00:00,2025-11-03 15:25:00+00:00,682.1099853515625,681.0764247349331,681.0764247349331,683.6603262765067,483,-499.2097778320077,-1.0,SL
MSFT,2025-11-03 15:10:00+00:00,2025-11-03 15:30:00+00:00,520.77001953125,518.8649466378348,518.8649466378348,523.6276288713727,262,-499.12909807478104,-1.0,SL
MSFT,2025-11-03 15:35:00+00:00,2025-11-03 16:45:00+00:00,519.9600219726562,518.1881626674107,518.1881626674107,522.6178109305246,282,-499.6643240792548,-1.0,SL
SPY,2025-11-03 16:30:00+00:00,2025-11-03 18:05:00+00:00,682.8049926757812,684.0187268938337,681.9958365304129,684.0187268938337,617,748.8740125383449,1.4999999999999298,TP
SPY,2025-11-03 18:10:00+00:00,2025-11-03 18:25:00+00:00,684.0800170898438,683.6275024414062,683.6275024414062,684.7587890625,1104,-499.576171875,-1.0,SL
SPY,2025-11-03 18:30:00+00:00,2025-11-03 18:50:00+00:00,684.010009765625,683.5821838378906,683.5821838378906,684.6517486572266,1168,-499.70068359375,-1.0,SL
AAPL,2025-11-03 18:35:00+00:00,2025-11-03 19:00:00+00:00,268.3349914550781,267.9717232840402,267.9717232840402,268.879893711635,1376,-499.85700334819194,-1.0,SL
SPY,2025-11-03 18:55:00+00:00,2025-11-03 19:00:00+00:00,683.5900268554688,683.2318507603237,683.2318507603237,684.1272909981864,1395,-499.6556527273316,-1.0,SL
AAPL,2025-11-03 19:05:00+00:00,2025-11-03 19:30:00+00:00,267.6000061035156,267.2043130057199,267.2043130057199,268.19354575020924,1263,-499.760382516023,-1.0,SL
SPY,2025-11-03 19:05:00+00:00,2025-11-03 19:25:00+00:00,683.489990234375,683.0810982840402,683.0810982840402,684.1033281598773,1222,-499.66596330913194,-1.0,SL
SPY,2025-11-03 19:30:00+00:00,2025-11-03 19:40:00+00:00,683.510009765625,683.0793064662388,683.0793064662388,684.1560647147043,1160,-499.61582728800295,-1.0,SL
AAPL,2025-11-03 20:40:00+00:00,2025-11-03 20:50:00+00:00,268.05999755859375,267.76331874302457,267.76331874302457,268.5050157819475,1685,-499.9038042340686,-1.0,SL
AAPL,2025-11-04 14:30:00+00:00,2025-11-04 14:40:00+00:00,268.5849914550781,269.3312770298549,268.0874677385603,269.3312770298549,1004,749.2707170758847,1.500000000000057,TP
AAPL,2025-11-04 14:45:00+00:00,2025-11-04 14:50:00+00:00,269.06500244140625,268.40856279645647,268.40856279645647,270.0496619088309,761,-499.5505698067863,-1.0,SL
AAPL,2025-11-04 14:55:00+00:00,2025-11-04 16:05:00+00:00,268.3002014160156,269.4552732195173,267.5301535470145,269.4552732195173,649,749.6416004726022,1.4999999999999998,TP
AAPL,2025-11-04 16:10:00+00:00,2025-11-04 16:20:00+00:00,269.5400085449219,270.353882925851,268.9974256243025,270.353882925851,921,749.5783048357207,1.5000000000000522,TP
AAPL,2025-11-04 16:25:00+00:00,2025-11-04 16:35:00+00:00,270.6099853515625,271.47205897739957,270.0352696010045,271.47205897739957,869,749.1419808524137,1.5000000000000495,TP
AAPL,2025-11-04 16:50:00+00:00,2025-11-04 17:10:00+00:00,270.55999755859375,269.96831185477123,269.96831185477123,271.44752611432756,845,-499.97441973002964,-1.0,SL
AAPL,2025-11-04 17:15:00+00:00,2025-11-04 17:35:00+00:00,269.3326110839844,270.1749518258231,268.7710505894252,270.1749518258231,890,749.6832602364532,1.4999999999999494,TP
AAPL,2025-11-04 17:40:00+00:00,2025-11-04 20:10:00+00:00,270.2200012207031,269.7166660853795,269.7166660853795,270.97500392368863,993,-499.811789376387,-1.0,SL
MSFT,2025-11-04 19:20:00+00:00,2025-11-04 19:30:00+00:00,512.5999755859375,511.88494655064176,511.88494655064176,513.6725191388812,699,-499.80529567172414,-1.0,SL
MSFT,2025-11-04 19:35:00+00:00,2025-11-04 19:45:00+00:00,512.1500244140625,513.2911213466099,511.3892931256975,513.2911213466099,657,749.7006846836315,1.4999999999998879,TP
MSFT,2025-11-04 19:50:00+00:00,2025-11-04 20:45:00+00:00,513.469970703125,514.603396824428,512.714353288923,514.603396824428,661,749.1946661813133,1.5000000000000753,TP
MSFT,2025-11-04 20:50:00+00:00,2025-11-05 14:30:00+00:00,514.0900268554688,513.4498029436384,513.4498029436384,515.0503627232143,780,-499.3746512277039,-1.0,SL
SPY,2025-11-05 14:55:00+00:00,2025-11-05 15:20:00+00:00,677.280029296875,676.3368137904575,676.3368137904575,678.6948525565011,530,-499.9042184012535,-1.0,SL
MSFT,2025-11-05 15:25:00+00:00,2025-11-05 15:35:00+00:00,514.25,512.9079132080078,512.9079132080078,516.2631301879883,372,-499.25628662109375,-1.0,SL
SPY,2025-11-05 15:25:00+00:00,2025-11-05 16:40:00+00:00,677.4400024414062,679.0835767473493,676.3442862374442,679.0835767473493,456,749.4698835100298,1.499999999999948,TP
MSFT,2025-11-05 15:40:00+00:00,2025-11-05 15:55:00+00:00,512.39501953125,511.29850333077565,511.29850333077565,514.0397938319614,455,-498.9148712158314,-1.0,SL
AAPL,2025-11-05 16:50:00+00:00,2025-11-05 17:00:00+00:00,270.19000244140625,269.78267342703685,269.78267342703685,270.80099596296037,1227,-499.792700631248,-1.0,SL
SPY,2025-11-05 17:00:00+00:00,2025-11-05 17:30:00+00:00,679.25,680.2532152448382,678.5811898367746,680.2532152448382,747,749.401787894137,1.500000000000085,TP
AAPL,2025-11-05 17:05:00+00:00,2025-11-05 17:30:00+00:00,269.55999755859375,270.15652901785717,269.1623099190848,270.15652901785717,1257,749.8400442941154,1.4999999999999998,TP
AAPL,2025-11-05 17:35:00+00:00,2025-11-05 18:05:00+00:00,270.5356140136719,270.2108851841518,270.2108851841518,271.022707257952,1539,-499.7576686314299,-1.0,SL
SPY,2025-11-05 17:55:00+00:00,2025-11-05 18:35:00+00:00,680.219970703125,680.8348257882254,679.8100673130581,680.8348257882254,1219,749.5083487374244,1.5000000000001388,TP
AAPL,2025-11-05 18:10:00+00:00,2025-11-05 18:15:00+00:00,270.3800048828125,270.08836146763394,270.08836146763394,270.81747000558033,1714,-499.8768136160436,-1.0,SL
AAPL,2025-11-05 18:20:00+00:00,2025-11-05 19:05:00+00:00,270.07000732421875,269.77670506068637,269.77670506068637,270.5099607195173,1704,-499.78705705917946,-1.0,SL
SPY,2025-11-05 18:40:00+00:00,2025-11-05 19:00:00+00:00,680.5999755859375,680.2408011300223,680.2408011300223,681.1387372698102,1392,-499.9708426339512,-1.0,SL
SPY,2025-11-05 19:05:00+00:00,2025-11-05 19:15:00+00:00,679.8499755859375,680.3711591448102,679.5025198800223,680.3711591448102,1439,749.9831412178662,1.4999999999998364,TP
AAPL,2025-11-05 19:10:00+00:00,2025-11-05 19:30:00+00:00,270.6000061035156,271.16939871651783,270.2204110281808,271.16939871651783,1317,749.8900713239077,1.5000000000000002,TP
SPY,2025-11-05 19:20:00+00:00,2025-11-05 20:20:00+00:00,680.4420776367188,680.09865461077,680.09865461077,680.9572121756418,1455,-499.68050275537223,-1.0,SL
AAPL,2025-11-05 19:35:00+00:00,2025-11-05 19:40:00+00:00,271.0299072265625,270.55076817103793,270.55076817103793,271.74861580984935,1043,-499.7420349121263,-1.0,SL
AAPL,2025-11-05 19:45:00+00:00,2025-11-05 20:15:00+00:00,270.0943908691406,269.5716879708426,269.5716879708426,270.87844521658764,956,-499.703970772895,-1.0,SL
AAPL,2025-11-06 15:15:00+00:00,2025-11-06 15:30:00+00:00,271.6099853515625,273.0442897251674,270.6537824358259,273.0442897251674,522,748.7068830217592,1.5000000000000298,TP
AAPL,2025-11-06 15:35:00+00:00,2025-11-06 16:40:00+00:00,272.239990234375,271.1818411690848,271.1818411690848,273.8272138323103,472,-499.44635881697195,-1.0,SL
AAPL,2025-11-06 17:30:00+00:00,2025-11-06 17:45:00+00:00,271.6300048828125,272.5027509416853,271.0481741768973,272.5027509416853,859,749.6888645717286,1.5000000000000002,TP
AAPL,2025-11-06 17:50:00+00:00,2025-11-06 18:05:00+00:00,272.1199951171875,271.57708958217074,271.57708958217074,272.93435341971264,920,-499.4730922154167,-1.0,SL
AAPL,2025-11-06 18:10:00+00:00,2025-11-06 19:10:00+00:00,271.2200012207031,271.9451348440988,270.73657880510603,271.9451348440988,1034,749.7881665911161,1.5000000000000588,TP
SPY,2025-11-06 18:50:00+00:00,2025-11-06 18:55:00+00:00,671.969970703125,671.2197919573102,671.2197919573102,673.0952388218471,666,-499.61904471263324,-1.0,SL
MSFT,2025-11-06 18:50:00+00:00,2025-11-06 19:00:00+00:00,498.8800048828125,498.1681387765067,498.1681387765067,499.94780404227123,702,-499.7300066266855,-1.0,SL
SPY,2025-11-06 19:00:00+00:00,2025-11-06 19:25:00+00:00,672.260009765625,673.457048688616,671.4619838169643,673.457048688616,626,749.3463657924005,1.5000000000000713,TP
MSFT,2025-11-06 19:05:00+00:00,2025-11-06 19:25:00+00:00,498.70001220703125,499.7933872767857,497.9710954938616,499.7933872767857,685,748.9619227818137,1.4999999999999611,TP
AAPL,2025-11-06 19:15:00+00:00,2025-11-06 19:25:00+00:00,271.6700134277344,272.151479448591,271.34903608049666,272.151479448591,1557,749.6425944737279,1.5000000000000886,TP
AAPL,2025-11-06 19:30:00+00:00,2025-11-06 19:35:00+00:00,272.1099853515625,271.7685982840402,271.7685982840402,272.62206595284596,1464,-499.7906668526548,-1.0,SL
SPY,2025-11-06 19:40:00+00:00,2025-11-06 19:50:00+00:00,672.8200073242188,672.0921761648996,672.0921761648996,673.9117540631976,686,-499.2921752929576,-1.0,SL
AAPL,2025-11-06 19:40:00+00:00,2025-11-06 20:10:00+00:00,270.9800109863281,271.5746361868722,270.5835941859654,271.5746361868722,1261,749.8223778861114,1.5000000000000717,TP
MSFT,2025-11-06 19:45:00+00:00,2025-11-06 20:10:00+00:00,500.1300048828125,499.47184099469865,499.47184099469865,501.11725071498324,759,-499.5463910784102,-1.0,SL
SPY,2025-11-06 19:55:00+00:00,2025-11-06 20:30:00+00:00,672.989990234375,672.2287336077009,672.2287336077009,674.1318751743862,656,-499.3843470982356,-1.0,SL
MSFT,2025-11-06 20:15:00+00:00,2025-11-06 20:25:00+00:00,499.5199890136719,498.90584455217635,498.90584455217635,500.4412057059152,814,-499.91359165735946,-1.0,SL
MSFT,2025-11-06 20:30:00+00:00,2025-11-06 20:35:00+00:00,498.7900085449219,498.1049368722098,498.1049368722098,499.81761605399,729,-499.4172494070989,-1.0,SL
AAPL,2025-11-07 15:20:00+00:00,2025-11-07 16:10:00+00:00,271.6400146484375,270.409181867327,270.409181867327,273.48626382010326,406,-499.71810913086597,-1.0,SL
SPY,2025-11-07 18:30:00+00:00,2025-11-07 18:50:00+00:00,665.27001953125,664.4864414760044,664.4864414760044,666.4453866141183,638,-499.92279924668287,-1.0,SL
MSFT,2025-11-07 18:35:00+00:00,2025-11-07 18:40:00+00:00,495.9649963378906,495.31766183035717,495.31766183035717,496.93599809919084,772,-499.7422398158294,-1.0,SL
MSFT,2025-11-07 18:45:00+00:00,2025-11-07 19:30:00+00:00,494.97100830078125,495.9870115007673,494.29367283412387,495.9870115007673,738,749.8103615897222,1.5,TP
SPY,2025-11-07 19:15:00+00:00,2025-11-07 19:30:00+00:00,665.9749755859375,667.0928606305804,665.229718889509,667.0928606305804,670,748.982979910736,1.5000000000000764,TP
MSFT,2025-11-07 19:35:00+00:00,2025-11-07 19:50:00+00:00,496.57000732421875,495.9171600341797,495.9171600341797,497.54927825927734,765,-499.4281768798828,-1.0,SL
MSFT,2025-11-07 19:55:00+00:00,2025-11-07 20:05:00+00:00,495.9700012207031,495.29078456333707,495.29078456333707,496.9888262067522,736,-499.9034598214166,-1.0,SL
MSFT,2025-11-07 20:10:00+00:00,2025-11-07 20:50:00+00:00,496.70001220703125,497.7809622628348,495.9793788364955,497.7809622628348,693,749.0983886718637,1.4999999999999605,TP
SPY,2025-11-07 20:20:00+00:00,2025-11-07 20:40:00+00:00,668.35498046875,669.7627607073102,667.4164603097098,669.7627607073102,532,748.9390869140452,1.4999999999999394,TP
SPY,2025-11-07 20:45:00+00:00,2025-11-07 20:55:00+00:00,668.72998046875,670.2261548723493,667.7325308663504,670.2261548723493,501,749.5833762032482,1.499999999999943,TP
MSFT,2025-11-07 20:55:00+00:00,2025-11-10 14:30:00+00:00,496.9200134277344,498.2157985142299,496.05615670340404,498.2157985142299,578,748.963779994415,1.5000000000000329,TP
AAPL,2025-11-10 15:35:00+00:00,2025-11-10 16:00:00+00:00,271.260009765625,270.3311244419643,270.3311244419643,272.65333775111606,538,-499.74030412946865,-1.0,SL
MSFT,2025-11-10 15:40:00+00:00,2025-11-10 15:55:00+00:00,503.6650085449219,502.2149658203125,502.2149658203125,505.84007263183594,344,-498.814697265625,-1.0,SL
SPY,2025-11-10 15:40:00+00:00,2025-11-10 15:50:00+00:00,677.7550048828125,677.0890808105469,677.0890808105469,678.7538909912109,750,-499.44305419921875,-1.0,SL
MSFT,2025-11-10 16:00:00+00:00,2025-11-10 16:40:00+00:00,501.8299865722656,500.72460501534596,500.72460501534596,503.4880589076451,452,-499.6324637276896,-1.0,SL
SPY,2025-11-10 16:55:00+00:00,2025-11-10 17:05:00+00:00,676.6300048828125,677.8042275565011,675.84718976702,677.8042275565011,638,749.1540658133474,1.4999999999999274,TP
SPY,2025-11-10 17:10:00+00:00,2025-11-10 17:30:00+00:00,676.739990234375,677.8858119419643,675.9761090959821,677.8858119419643,654,749.3673967634247,1.5,TP
MSFT,2025-11-10 17:35:00+00:00,2025-11-10 18:05:00+00:00,502.489990234375,503.43702806745256,501.85863167899,503.43702806745256,791,749.1069259643491,1.500000000000045,TP
AAPL,2025-11-10 18:15:00+00:00,2025-11-10 18:25:00+00:00,270.1099853515625,269.78751482282365,269.78751482282365,270.59369114467074,1550,-499.8293195452135,-1.0,SL
AAPL,2025-11-10 18:30:00+00:00,2025-11-10 19:00:00+00:00,269.7701110839844,270.23238372802734,269.46192932128906,270.23238372802734,1622,749.8062286376953,1.5,TP
SPY,2025-11-10 18:55:00+00:00,2025-11-10 19:25:00+00:00,679.875,680.4778485979352,679.4731009347098,680.4778485979352,1244,749.9436558314328,1.4999999999998586,TP
AAPL,2025-11-10 19:05:00+00:00,2025-11-10 19:10:00+00:00,270.0199890136719,269.7359837123326,269.7359837123326,270.4459969656808,1760,-499.84933035712857,-1.0,SL
MSFT,2025-11-10 19:05:00+00:00,2025-11-10 19:15:00+00:00,504.760009765625,504.20962960379467,504.20962960379467,505.5855800083705,908,-499.74518694194217,-1.0,SL
MSFT,2025-11-10 19:20:00+00:00,2025-11-10 19:40:00+00:00,504.5849914550781,505.44976588657926,504.0084751674107,505.44976588657926,867,749.7594321114817,1.5000000000000493,TP
SPY,2025-11-10 19:30:00+00:00,2025-11-10 19:50:00+00:00,680.5999755859375,681.2031969342913,680.1978280203683,681.2031969342913,1243,749.8041360038071,1.5000000000001414,TP
MSFT,2025-11-10 19:45:00+00:00,2025-11-10 20:30:00+00:00,506.07000732421875,505.47780064174106,505.47780064174106,506.9583173479353,844,-499.8224400111744,-1.0,SL
SPY,2025-11-10 19:55:00+00:00,2025-11-10 20:10:00+00:00,681.2999877929688,681.8710021972656,680.9193115234375,681.8710021972656,1313,749.7419128417969,1.5,TP
SPY,2025-11-10 20:15:00+00:00,2025-11-10 20:20:00+00:00,681.5549926757812,681.1592973981585,681.1592973981585,682.1485355922154,1263,-499.7631356375148,-1.0,SL
SPY,2025-11-10 20:25:00+00:00,2025-11-10 20:35:00+00:00,681.3099975585938,681.9024680001395,680.91501726423,681.9024680001395,1265,749.4751085553645,1.5000000000001439,TP
MSFT,2025-11-10 20:35:00+00:00,2025-11-11 14:30:00+00:00,506.04620361328125,505.43701607840404,505.43701607840404,506.9599849155971,820,-499.5337785993104,-1.0,SL
SPY,2025-11-10 20:40:00+00:00,2025-11-10 20:55:00+00:00,681.72998046875,681.3077697753906,681.3077697753906,682.3632965087891,1184,-499.8974609375,-1.0,SL
AAPL,2025-11-11 14:30:00+00:00,2025-11-11 14:35:00+00:00,270.739990234375,271.4701461791992,270.2532196044922,271.4701461791992,1027,749.8701553344727,1.5,TP
MSFT,2025-11-11 14:40:00+00:00,2025-11-11 15:05:00+00:00,505.1899108886719,504.1935076032366,504.1935076032366,506.6845158168248,501,-499.1980460030814,-1.0,SL
MSFT,2025-11-11 15:10:00+00:00,2025-11-11 15:30:00+00:00,505.8800048828125,504.6593715122768,504.6593715122768,507.71095493861606,409,-499.23904854911046,-1.0,SL
AAPL,2025-11-11 15:40:00+00:00,2025-11-11 16:30:00+00:00,273.1982116699219,272.2840663364955,272.2840663364955,274.56942967006137,546,-499.1233520507857,-1.0,SL
AAPL,2025-11-11 17:00:00+00:00,2025-11-11 17:20:00+00:00,272.57720947265625,273.24197060721264,272.134035382952,273.24197060721264,1128,749.8505597796034,1.5,TP
SPY,2025-11-11 17:00:00+00:00,2025-11-11 17:15:00+00:00,680.2000122070312,681.2247750418527,679.5168369838169,681.2247750418527,731,749.1016322544762,1.4999999999999167,TP
MSFT,2025-11-11 17:10:00+00:00,2025-11-11 17:35:00+00:00,505.1050109863281,504.3538622174944,504.3538622174944,506.2317341395787,665,-499.51393127443026,-1.0,SL
SPY,2025-11-11 17:20:00+00:00,2025-11-11 18:00:00+00:00,681.280029296875,682.2801448277065,680.613285609654,682.2801448277065,749,749.0865325928099,1.5,TP
AAPL,2025-11-11 17:25:00+00:00,2025-11-11 18:00:00+00:00,273.31500244140625,273.9959716796875,272.86102294921875,273.9959716796875,1101,749.7471313476562,1.5,TP
MSFT,2025-11-11 17:40:00+00:00,2025-11-11 18:15:00+00:00,505.0899963378906,505.9676829746791,504.504871913365,505.9676829746791,854,749.5443878173759,1.5000000000000486,TP
MSFT,2025-11-11 18:20:00+00:00,2025-11-11 18:45:00+00:00,506.44049072265625,507.3304683140346,505.84717232840404,507.3304683140346,842,749.3611319405624,1.500000000000048,TP
AAPL,2025-11-11 18:35:00+00:00,2025-11-11 19:10:00+00:00,274.3699951171875,274.956056867327,273.97928728376115,274.956056867327,1279,749.5729784284111,1.4999999999999272,TP
SPY,2025-11-11 19:00:00+00:00,2025-11-11 19:05:00+00:00,682.969970703125,682.4931291852679,682.4931291852679,683.6852329799107,1048,-499.7299107142517,-1.0,SL
SPY,2025-11-11 19:10:00+00:00,2025-11-11 20:55:00+00:00,682.9500122070312,682.4581865583148,682.4581865583148,683.687750680106,1016,-499.69485909594914,-1.0,SL
AAPL,2025-11-11 19:15:00+00:00,2025-11-11 20:05:00+00:00,275.20001220703125,275.72487095424106,274.850106375558,275.72487095424106,1428,749.4982910156018,1.4999999999999187,TP
MSFT,2025-11-11 20:05:00+00:00,2025-11-11 20:20:00+00:00,509.1600036621094,508.74233790806363,508.74233790806363,509.786502293178,1197,-499.945907592754,-1.0,SL
AAPL,2025-11-11 20:15:00+00:00,2025-11-11 20:40:00+00:00,275.33099365234375,275.01843697684154,275.01843697684154,275.7998286655971,1599,-499.77812412803024,-1.0,SL
MSFT,2025-11-11 20:25:00+00:00,2025-11-11 20:50:00+00:00,508.9200134277344,509.5060359409877,508.52933175223217,509.5060359409877,1279,749.522794451022,1.5000000000000728,TP
AAPL,2025-11-11 20:45:00+00:00,2025-11-11 20:50:00+00:00,275.6300048828125,275.34439958844865,275.34439958844865,276.05841282435824,1750,-499.80926513673296,-1.0,SL
AAPL,2025-11-11 20:55:00+00:00,2025-11-12 14:30:00+00:00,275.29998779296875,274.96863228934154,274.96863228934154,275.7970210484096,1508,-499.68409946982933,-1.0,SL
MSFT,2025-11-11 20:55:00+00:00,2025-11-12 14:30:00+00:00,508.82000732421875,508.33003888811385,508.33003888811385,509.55495997837613,1020,-499.76780482700065,-1.0,SL
SPY,2025-11-12 14:30:00+00:00,2025-11-12 14:45:00+00:00,684.22998046875,683.6722717285156,683.6722717285156,685.0665435791016,896,-499.70703125,-1.0,SL
MSFT,2025-11-12 14:35:00+00:00,2025-11-12 14:40:00+00:00,508.9800109863281,508.25821794782365,508.25821794782365,510.0627005440848,692,-499.4807826450949,-1.0,SL
SPY,2025-11-12 14:50:00+00:00,2025-11-12 15:30:00+00:00,683.5349731445312,682.8090427943638,682.8090427943638,684.6238686697824,688,-499.4400809152121,-1.0,SL
AAPL,2025-11-12 16:15:00+00:00,2025-11-12 18:05:00+00:00,274.2099914550781,275.0304968697684,273.6629878452846,275.0304968697684,914,749.9419490269104,1.499999999999948,TP
SPY,2025-11-12 17:35:00+00:00,2025-11-12 17:50:00+00:00,683.489990234375,682.7413286481585,682.7413286481585,684.6129826136997,667,-499.35727800639575,-1.0,SL
SPY,2025-11-12 18:05:00+00:00,2025-11-12 18:40:00+00:00,683.1300048828125,684.0836443219866,682.4942452566964,684.0836443219866,786,749.5605991908737,1.5000000000000895,TP
AAPL,2025-11-12 18:15:00+00:00,2025-11-12 18:40:00+00:00,274.8299865722656,275.31154087611606,274.50895036969865,275.31154087611606,1557,749.7800510951198,1.4999999999999114,TP
SPY,2025-11-12 18:45:00+00:00,2025-11-12 19:15:00+00:00,683.364990234375,682.8292890276227,682.8292890276227,684.1685420445034,933,-499.8092258998629,-1.0,SL
AAPL,2025-11-12 18:45:00+00:00,2025-11-12 19:00:00+00:00,275.04998779296875,275.5461120605469,274.71923828125,275.5461120605469,1511,749.6437683105469,1.5,TP
AAPL,2025-11-12 19:05:00+00:00,2025-11-12 19:15:00+00:00,275.1050109863281,274.7373591831752,274.7373591831752,275.65648869105746,1359,-499.63880048480456,-1.0,SL
AAPL,2025-11-12 19:20:00+00:00,2025-11-12 19:25:00+00:00,274.8399963378906,274.4834420340402,274.4834420340402,275.37482779366627,1402,-499.8891339983031,-1.0,SL
MSFT,2025-11-12 19:25:00+00:00,2025-11-12 19:40:00+00:00,509.510009765625,510.86422184535434,508.6072017124721,510.86422184535434,553,748.879280090323,1.4999999999999685,TP
AAPL,2025-11-12 19:30:00+00:00,2025-11-12 20:00:00+00:00,274.4002990722656,274.02374485560824,274.02374485560824,274.9651303972517,1327,-499.68744550434633,-1.0,SL
MSFT,2025-11-12 19:55:00+00:00,2025-11-12 20:50:00+00:00,510.4096984863281,511.6203166416713,509.60261971609935,511.6203166416713,619,749.3726381574309,1.5000000000000353,TP
SPY,2025-11-12 20:30:00+00:00,2025-11-12 20:35:00+00:00,683.8250122070312,683.2730233328683,683.2730233328683,684.6529955182757,905,-499.5499311174518,-1.0,SL
SPY,2025-11-12 20:40:00+00:00,2025-11-12 20:55:00+00:00,683.7000122070312,683.158913748605,683.158913748605,684.5116598946707,924,-499.9749755858925,-1.0,SL
MSFT,2025-11-12 20:55:00+00:00,2025-11-13 14:30:00+00:00,511.3599853515625,510.48423985072543,510.48423985072543,512.673603602818,570,-499.1749354771298,-1.0,SL
AAPL,2025-11-13 14:45:00+00:00,2025-11-13 15:20:00+00:00,274.489990234375,273.7481907435826,273.7481907435826,275.60268947056363,674,-499.97285679407935,-1.0,SL
MSFT,2025-11-13 15:00:00+00:00,2025-11-13 15:10:00+00:00,510.29998779296875,512.4666355678013,508.85555594308033,512.4666355678013,346,749.660130092059,1.499999999999941,TP
MSFT,2025-11-13 15:15:00+00:00,2025-11-13 15:45:00+00:00,512.469970703125,510.7176840645926,510.7176840645926,515.0984006609235,285,-499.40169198172896,-1.0,SL
MSFT,2025-11-13 15:50:00+00:00,2025-11-13 16:20:00+00:00,510.95001220703125,509.38428170340404,509.38428170340404,513.2986079624721,319,-499.4680306570793,-1.0,SL
AAPL,2025-11-13 18:55:00+00:00,2025-11-13 19:00:00+00:00,273.439208984375,273.0066920689174,273.0066920689174,274.08798435756137,1156,-499.9895542689826,-1.0,SL
AAPL,2025-11-13 19:05:00+00:00,2025-11-13 19:40:00+00:00,273.2598876953125,272.7971714564732,272.7971714564732,273.95396205357144,1080,-499.7335379464198,-1.0,SL
AAPL,2025-11-13 19:45:00+00:00,2025-11-13 20:40:00+00:00,272.70001220703125,273.39806583949496,272.2346431187221,273.39806583949496,1074,749.7096012660261,1.499999999999939,TP
MSFT,2025-11-14 15:20:00+00:00,2025-11-14 16:10:00+00:00,504.7149963378906,507.88846588134766,502.59934997558594,507.88846588134766,236,748.9388122558594,1.5,TP
AAPL,2025-11-14 15:20:00+00:00,2025-11-14 16:55:00+00:00,273.2099914550781,274.9176821027483,272.071531023298,274.9176821027483,439,749.6761943272074,1.4999999999999998,TP
SPY,2025-11-14 16:00:00+00:00,2025-11-14 16:20:00+00:00,671.340087890625,673.4005344935825,669.9664568219866,673.4005344935825,363,747.9421168735872,1.5,TP
SPY,2025-11-14 16:55:00+00:00,2025-11-14 17:50:00+00:00,674.739990234375,673.6880754743304,673.6880754743304,676.3178623744419,475,-499.6595110211899,-1.0,SL
AAPL,2025-11-14 17:00:00+00:00,2025-11-14 17:10:00+00:00,274.6575012207031,275.3508398873465,274.19527544294084,275.3508398873465,1081,749.4990986415143,1.4999999999999385,TP
AAPL,2025-11-14 17:15:00+00:00,2025-11-14 17:45:00+00:00,275.75,275.278078351702,275.278078351702,276.457882472447,1059,-499.76502554758974,-1.0,SL
MSFT,2025-11-14 17:20:00+00:00,2025-11-14 17:50:00+00:00,509.55999755859375,508.6742030552455,508.6742030552455,510.88868931361606,564,-499.58809988839744,-1.0,SL
AAPL,2025-11-14 17:50:00+00:00,2025-11-14 18:00:00+00:00,275.114990234375,274.6949702671596,274.6949702671596,275.7450201851981,1190,-499.8237609863378,-1.0,SL
SPY,2025-11-14 17:55:00+00:00,2025-11-14 18:00:00+00:00,674.0449829101562,673.247576032366,673.247576032366,675.2410932268415,627,-499.97411237445215,-1.0,SL
AAPL,2025-11-14 18:05:00+00:00,2025-11-14 18:35:00+00:00,274.6499938964844,274.1978214808873,274.1978214808873,275.32825251988004,1105,-499.65051923478455,-1.0,SL
SPY,2025-11-14 18:10:00+00:00,2025-11-14 18:15:00+00:00,674.2899780273438,673.3307015555246,673.3307015555246,675.7288927350726,521,-499.7830418177929,-1.0,SL
SPY,2025-11-14 18:30:00+00:00,2025-11-14 18:35:00+00:00,673.3699951171875,672.2939322335379,672.2939322335379,674.9840894426618,464,-499.2931780134004,-1.0,SL
MSFT,2025-11-14 18:50:00+00:00,2025-11-14 19:20:00+00:00,509.30999755859375,510.37254224504744,508.60163443429127,510.37254224504744,705,749.0940039498523,1.49999999999996,TP
SPY,2025-11-14 19:20:00+00:00,2025-11-14 20:15:00+00:00,674.3099975585938,673.3325108119419,673.3325108119419,675.7762276785714,511,-499.4957275390874,-1.0,SL
MSFT,2025-11-14 20:05:00+00:00,2025-11-14 20:15:00+00:00,510.8500061035156,510.2589220319475,510.2589220319475,511.73663221086775,845,-499.4660404750485,-1.0,SL
MSFT,2025-11-14 20:20:00+00:00,2025-11-14 20:45:00+00:00,510.1400146484375,509.4796469552176,509.4796469552176,511.1305661882673,757,-499.8983437674509,-1.0,SL
SPY,2025-11-14 20:20:00+00:00,2025-11-14 20:45:00+00:00,672.6500244140625,671.8537205287388,671.8537205287388,673.844480242048,627,-499.2825360979658,-1.0,SL
MSFT,2025-11-14 20:55:00+00:00,2025-11-17 14:30:00+00:00,510.3890075683594,509.62608337402344,509.62608337402344,511.5333938598633,655,-499.71534729003906,-1.0,SL
MSFT,2025-11-17 14:35:00+00:00,2025-11-17 14:50:00+00:00,511.0950012207031,509.93207877022877,509.93207877022877,512.8393848964146,429,-498.8937312534982,-1.0,SL
MSFT,2025-11-17 14:55:00+00:00,2025-11-17 15:00:00+00:00,508.9599914550781,507.5777805873326,507.5777805873326,511.03330775669644,361,-498.97812325613546,-1.0,SL
SPY,2025-11-17 16:55:00+00:00,2025-11-17 17:15:00+00:00,672.9500122070312,671.8936288016183,671.8936288016183,674.5345873151507,473,-499.669350760316,-1.0,SL
