time,open,high,low,close,volume
2025-09-30 19:20:00+00:00,253.56,253.88,253.51,253.83,8271
2025-09-30 19:25:00+00:00,253.85,254.025,253.835,253.95,8389
2025-09-30 19:30:00+00:00,253.95,253.98,253.83,253.95,8507
2025-09-30 19:35:00+00:00,253.95,254.205,253.925,254.17,10321
2025-09-30 19:40:00+00:00,254.125,254.125,253.93,254.045,14664
2025-09-30 19:45:00+00:00,254.075,254.475,254.03,254.475,13178
2025-09-30 19:50:00+00:00,254.46,255.165,254.235,254.94,46438
2025-09-30 19:55:00+00:00,254.9,255.07,254.54,254.56,69471
2025-10-01 13:20:00+00:00,254.91,254.91,254.91,254.91,145
2025-10-01 13:30:00+00:00,255.035,256.73,254.975,256.6,63069
2025-10-01 13:35:00+00:00,256.51,258.78,256.41,257.99,48927
2025-10-01 13:40:00+00:00,258.17,258.42,257.385,257.63,27400
2025-10-01 13:45:00+00:00,257.65,257.65,255.51,255.51,28180
2025-10-01 13:50:00+00:00,255.34,256.26,255.31,256.25,24630
2025-10-01 13:55:00+00:00,256.205,256.54,255.925,256.47,35148
2025-10-01 14:00:00+00:00,256.385,256.74,256.14,256.54,31975
2025-10-01 14:05:00+00:00,256.41,256.41,255.77,255.785,31686
2025-10-01 14:10:00+00:00,255.93,256.01,255.435,255.93,9490
2025-10-01 14:15:00+00:00,256.015,257.01,255.98,256.94,23056
2025-10-01 14:20:00+00:00,256.95,257.325,256.63,256.74,18187
2025-10-01 14:25:00+00:00,256.725,256.79,256.185,256.27,55523
2025-10-01 14:30:00+00:00,256.185,256.24,255.42,255.645,27379
2025-10-01 14:35:00+00:00,255.925,255.98,255.72,255.845,14019
2025-10-01 14:40:00+00:00,255.82,255.82,255.535,255.54,16300
2025-10-01 14:45:00+00:00,255.57,255.9,255.53,255.81,11958
2025-10-01 14:50:00+00:00,255.785,255.88,255.58,255.84,9322
2025-10-01 14:55:00+00:00,255.815,255.92,255.57,255.58,12152
2025-10-01 15:00:00+00:00,255.545,255.61,255.4,255.4,14310
2025-10-01 15:05:00+00:00,255.41,255.61,255.305,255.38,21009
2025-10-01 15:10:00+00:00,255.38,255.6,255.21,255.5,10254
2025-10-01 15:15:00+00:00,255.565,255.565,255.26,255.42,9573
2025-10-01 15:20:00+00:00,255.395,255.515,255.225,255.28,16707
2025-10-01 15:25:00+00:00,255.25,255.56,255.12,255.545,7942
2025-10-01 15:30:00+00:00,255.555,255.81,255.52,255.55,7947
2025-10-01 15:35:00+00:00,255.53,255.86,255.51,255.83,6515
2025-10-01 15:40:00+00:00,255.83,255.89,255.72,255.81,5263
2025-10-01 15:45:00+00:00,255.81,256.03,255.675,255.675,7402
2025-10-01 15:50:00+00:00,255.65,255.79,255.555,255.77,7178
2025-10-01 15:55:00+00:00,255.75,256.11,255.75,256.11,13052
2025-10-01 16:00:00+00:00,256.09,256.445,256.09,256.35,12855
2025-10-01 16:05:00+00:00,256.34,256.555,256.31,256.52,9868
2025-10-01 16:10:00+00:00,256.48,256.89,256.48,256.635,9323
2025-10-01 16:15:00+00:00,256.625,256.625,256.25,256.27,10050
2025-10-01 16:20:00+00:00,256.2,256.2,255.945,256.065,9157
2025-10-01 16:25:00+00:00,256.065,256.27,256.065,256.15,5443
2025-10-01 16:30:00+00:00,256.16,256.35,256.12,256.12,6554
2025-10-01 16:35:00+00:00,256.035,256.5,256.035,256.465,22964
2025-10-01 16:40:00+00:00,256.47,256.62,256.26,256.26,17869
2025-10-01 16:45:00+00:00,256.16,256.545,256.13,256.42,9888
2025-10-01 16:50:00+00:00,256.47,256.565,256.38,256.38,6119
2025-10-01 16:55:00+00:00,256.38,256.485,256.36,256.46,5311
2025-10-01 17:00:00+00:00,256.49,256.79,256.49,256.75,6429
2025-10-01 17:05:00+00:00,256.58,256.65,256.49,256.54,6965
2025-10-01 17:10:00+00:00,256.515,256.52,256.07,256.07,6693
2025-10-01 17:15:00+00:00,256.03,256.23,255.98,256.12,12822
2025-10-01 17:20:00+00:00,256.125,256.2,256.035,256.035,6164
2025-10-01 17:25:00+00:00,255.965,256.13,255.86,256.13,5956
2025-10-01 17:30:00+00:00,256.19,256.2,256.07,256.08,3007
2025-10-01 17:35:00+00:00,256.08,256.415,256.08,256.38,4428
2025-10-01 17:40:00+00:00,256.37,256.44,256.3,256.37,4664
2025-10-01 17:45:00+00:00,256.35,256.41,256.23,256.28,6605
2025-10-01 17:50:00+00:00,256.32,256.38,256.32,256.35,2527
2025-10-01 17:55:00+00:00,256.39,256.55,256.36,256.44,5548
2025-10-01 18:00:00+00:00,256.44,256.665,256.43,256.53,8692
2025-10-01 18:05:00+00:00,256.58,256.64,256.49,256.52,7546
2025-10-01 18:10:00+00:00,256.51,256.63,256.41,256.585,5137
2025-10-01 18:15:00+00:00,256.62,256.66,256.585,256.585,3657
2025-10-01 18:20:00+00:00,256.61,256.65,256.485,256.54,6866
2025-10-01 18:25:00+00:00,256.57,256.64,256.46,256.46,2760
2025-10-01 18:30:00+00:00,256.475,256.53,256.32,256.395,3790
2025-10-01 18:35:00+00:00,256.43,256.45,256.29,256.38,5827
2025-10-01 18:40:00+00:00,256.35,256.52,256.325,256.325,3595
2025-10-01 18:45:00+00:00,256.3,256.405,256.25,256.4,3973
2025-10-01 18:50:00+00:00,256.4,256.465,256.33,256.38,3888
2025-10-01 18:55:00+00:00,256.39,256.74,256.38,256.74,5086
2025-10-01 19:00:00+00:00,256.76,256.94,256.56,256.67,8759
2025-10-01 19:05:00+00:00,256.62,256.83,256.61,256.78,3743
2025-10-01 19:10:00+00:00,256.76,256.77,256.63,256.68,4113
2025-10-01 19:15:00+00:00,256.67,256.68,256.525,256.55,9331
2025-10-01 19:20:00+00:00,256.56,256.56,255.93,255.93,13299
2025-10-01 19:25:00+00:00,255.94,256.075,255.89,255.96,11977
2025-10-01 19:30:00+00:00,255.94,256.12,255.94,256.03,9653
2025-10-01 19:35:00+00:00,255.94,255.94,255.43,255.5,11768
2025-10-01 19:40:00+00:00,255.48,255.61,255.38,255.39,19560
2025-10-01 19:45:00+00:00,255.37,255.74,255.29,255.74,17671
2025-10-01 19:50:00+00:00,255.84,255.845,255.4,255.58,33747
2025-10-01 19:55:00+00:00,255.67,255.67,255.365,255.43,64611
2025-10-02 12:55:00+00:00,256.19,256.2,256.19,256.19,501
2025-10-02 13:05:00+00:00,255.95,255.95,255.95,255.95,215
2025-10-02 13:10:00+00:00,256.0,256.0,256.0,256.0,200
2025-10-02 13:30:00+00:00,256.55,257.27,255.85,255.89,62206
2025-10-02 13:35:00+00:00,255.95,256.13,254.51,254.52,35194
2025-10-02 13:40:00+00:00,254.44,254.945,254.16,254.78,37286
2025-10-02 13:45:00+00:00,254.785,255.36,254.555,255.135,33791
2025-10-02 13:50:00+00:00,255.19,255.94,254.95,255.8,22547
2025-10-02 13:55:00+00:00,255.7,256.065,255.57,256.04,29328
2025-10-02 14:00:00+00:00,256.035,256.14,255.67,256.1,26123
2025-10-02 14:05:00+00:00,256.06,256.09,255.65,256.01,23474
2025-10-02 14:10:00+00:00,255.99,256.25,255.88,256.235,22209
2025-10-02 14:15:00+00:00,256.23,256.66,256.005,256.53,13935
2025-10-02 14:20:00+00:00,256.52,256.59,256.31,256.47,10933
2025-10-02 14:25:00+00:00,256.525,256.635,256.145,256.2,12046
2025-10-02 14:30:00+00:00,256.23,256.465,256.1,256.38,17549
2025-10-02 14:35:00+00:00,256.31,256.58,256.31,256.56,14395
2025-10-02 14:40:00+00:00,256.57,256.65,256.395,256.65,13317
2025-10-02 14:45:00+00:00,256.72,256.76,256.29,256.32,11163
2025-10-02 14:50:00+00:00,256.25,256.27,256.005,256.24,11353
2025-10-02 14:55:00+00:00,256.26,256.51,256.22,256.325,15489
2025-10-02 15:00:00+00:00,256.26,256.28,256.06,256.11,8841
2025-10-02 15:05:00+00:00,256.1,256.22,255.98,256.02,9983
2025-10-02 15:10:00+00:00,256.01,256.63,256.01,256.59,11075
2025-10-02 15:15:00+00:00,256.59,256.61,256.25,256.25,7421
2025-10-02 15:20:00+00:00,256.2,256.395,256.125,256.395,6315
2025-10-02 15:25:00+00:00,256.37,257.62,256.36,257.21,29812
2025-10-02 15:30:00+00:00,257.11,257.175,256.75,257.015,6083
2025-10-02 15:35:00+00:00,257.06,257.63,257.06,257.42,10806
2025-10-02 15:40:00+00:00,257.38,257.58,257.215,257.5,12203
2025-10-02 15:45:00+00:00,257.44,257.7,256.92,256.975,7503
2025-10-02 15:50:00+00:00,256.96,257.275,256.95,257.26,4534
2025-10-02 15:55:00+00:00,257.25,257.98,257.25,257.77,9762
2025-10-02 16:00:00+00:00,257.78,258.17,257.71,258.03,17179
2025-10-02 16:05:00+00:00,257.825,258.09,257.76,257.975,10612
2025-10-02 16:10:00+00:00,258.08,258.08,257.72,257.79,6034
2025-10-02 16:15:00+00:00,257.685,257.85,257.53,257.815,7353
2025-10-02 16:20:00+00:00,257.69,257.69,257.46,257.52,5895
2025-10-02 16:25:00+00:00,257.47,257.54,257.345,257.345,5976
2025-10-02 16:30:00+00:00,257.33,257.365,257.19,257.255,4947
2025-10-02 16:35:00+00:00,257.33,257.53,257.33,257.45,5543
2025-10-02 16:40:00+00:00,257.35,257.395,257.12,257.17,2502
2025-10-02 16:45:00+00:00,257.27,257.34,257.13,257.195,3750
2025-10-02 16:50:00+00:00,257.27,257.365,257.165,257.365,1642
2025-10-02 16:55:00+00:00,257.32,257.56,257.25,257.515,5109
2025-10-02 17:00:00+00:00,257.48,257.51,257.37,257.51,5420
2025-10-02 17:05:00+00:00,257.51,257.55,257.41,257.42,3215
2025-10-02 17:10:00+00:00,257.405,257.81,257.38,257.74,5117
2025-10-02 17:15:00+00:00,257.795,257.81,257.355,257.375,7802
2025-10-02 17:20:00+00:00,257.38,257.44,257.25,257.35,3677
2025-10-02 17:25:00+00:00,257.35,257.48,257.35,257.42,3860
2025-10-02 17:30:00+00:00,257.41,257.52,257.35,257.52,4982
2025-10-02 17:35:00+00:00,257.56,257.56,257.335,257.5,4626
2025-10-02 17:40:00+00:00,257.605,257.725,257.495,257.52,5995
2025-10-02 17:45:00+00:00,257.42,257.5,257.37,257.37,2976
2025-10-02 17:50:00+00:00,257.35,257.35,257.12,257.14,6363
2025-10-02 17:55:00+00:00,257.1,257.26,257.1,257.12,1911
2025-10-02 18:00:00+00:00,257.16,257.45,257.13,257.3,21639
2025-10-02 18:05:00+00:00,257.355,257.56,257.345,257.36,16973
2025-10-02 18:10:00+00:00,257.34,257.51,257.3,257.45,9096
2025-10-02 18:15:00+00:00,257.37,257.505,257.35,257.48,9808
2025-10-02 18:20:00+00:00,257.49,257.69,257.48,257.63,10887
2025-10-02 18:25:00+00:00,257.6,257.9,257.565,257.865,9928
2025-10-02 18:30:00+00:00,257.845,258.0,257.74,257.95,17692
2025-10-02 18:35:00+00:00,257.95,258.155,257.9,258.15,11248
2025-10-02 18:40:00+00:00,258.12,258.12,257.73,257.97,9554
2025-10-02 18:45:00+00:00,257.94,258.06,257.94,257.96,17133
2025-10-02 18:50:00+00:00,257.9,257.95,257.79,257.95,4465
2025-10-02 18:55:00+00:00,257.82,257.985,257.79,257.91,4997
2025-10-02 19:00:00+00:00,257.93,257.95,257.81,257.93,11681
2025-10-02 19:05:00+00:00,257.91,257.92,257.77,257.785,5862
2025-10-02 19:10:00+00:00,257.67,257.67,257.51,257.61,8024
2025-10-02 19:15:00+00:00,257.59,257.59,257.38,257.51,14476
2025-10-02 19:20:00+00:00,257.51,257.65,257.5,257.64,10837
2025-10-02 19:25:00+00:00,257.65,257.67,257.515,257.515,15880
2025-10-02 19:30:00+00:00,257.51,257.85,257.51,257.81,18856
2025-10-02 19:35:00+00:00,257.82,257.83,257.52,257.53,8681
2025-10-02 19:40:00+00:00,257.545,257.565,257.345,257.37,7414
2025-10-02 19:45:00+00:00,257.43,257.48,257.14,257.44,26072
2025-10-02 19:50:00+00:00,257.46,257.585,257.12,257.27,103916
2025-10-02 19:55:00+00:00,257.15,257.43,256.995,257.43,51975
2025-10-03 12:45:00+00:00,254.18,254.18,254.16,254.16,230
2025-10-03 12:50:00+00:00,254.25,254.25,254.25,254.25,130
2025-10-03 13:30:00+00:00,254.665,256.63,253.96,256.62,103925
2025-10-03 13:35:00+00:00,256.89,258.14,256.86,257.88,77192
2025-10-03 13:40:00+00:00,257.88,258.18,257.55,257.88,68802
2025-10-03 13:45:00+00:00,257.91,258.59,257.64,258.59,63561
2025-10-03 13:50:00+00:00,258.56,259.02,258.31,259.0,51979
2025-10-03 13:55:00+00:00,258.97,258.99,258.19,258.195,72666
2025-10-03 14:00:00+00:00,257.905,258.21,257.37,258.09,16325
2025-10-03 14:05:00+00:00,258.1,258.5,258.02,258.465,15892
2025-10-03 14:10:00+00:00,258.44,258.78,258.44,258.61,18377
2025-10-03 14:15:00+00:00,258.67,258.73,258.2,258.41,18675
2025-10-03 14:20:00+00:00,258.375,258.63,258.08,258.11,11665
2025-10-03 14:25:00+00:00,258.03,258.45,257.86,257.86,23669
2025-10-03 14:30:00+00:00,257.85,258.08,257.54,257.945,22902
2025-10-03 14:35:00+00:00,257.98,258.2,257.88,258.2,12681
2025-10-03 14:40:00+00:00,258.215,258.73,258.215,258.315,19324
2025-10-03 14:45:00+00:00,258.195,258.36,257.995,258.1,11959
2025-10-03 14:50:00+00:00,258.08,258.32,257.9,258.32,8187
2025-10-03 14:55:00+00:00,258.36,258.39,258.16,258.16,9064
2025-10-03 15:00:00+00:00,258.185,258.19,257.95,258.075,10496
2025-10-03 15:05:00+00:00,258.06,258.35,257.955,258.245,12128
2025-10-03 15:10:00+00:00,258.24,258.39,258.07,258.39,6187
2025-10-03 15:15:00+00:00,258.38,258.53,258.315,258.315,10168
2025-10-03 15:20:00+00:00,258.375,258.65,258.31,258.65,9489
2025-10-03 15:25:00+00:00,258.625,258.72,258.41,258.48,14177
2025-10-03 15:30:00+00:00,258.49,258.83,258.425,258.64,17166
2025-10-03 15:35:00+00:00,258.735,258.99,258.58,258.84,37499
2025-10-03 15:40:00+00:00,258.835,259.22,258.59,258.775,32768
2025-10-03 15:45:00+00:00,258.84,258.84,258.32,258.5,19535
2025-10-03 15:50:00+00:00,258.48,258.59,258.335,258.42,13211
2025-10-03 15:55:00+00:00,258.3,258.46,258.275,258.405,9762
2025-10-03 16:00:00+00:00,258.375,258.475,258.31,258.35,9622
2025-10-03 16:05:00+00:00,258.28,258.56,258.26,258.49,6693
2025-10-03 16:10:00+00:00,258.47,258.53,258.33,258.35,10385
2025-10-03 16:15:00+00:00,258.435,258.85,258.415,258.75,10013
2025-10-03 16:20:00+00:00,258.8,258.8,258.42,258.475,6361
2025-10-03 16:25:00+00:00,258.455,258.58,258.355,258.55,8018
2025-10-03 16:30:00+00:00,258.555,258.635,258.48,258.55,5846
2025-10-03 16:35:00+00:00,258.58,258.58,258.2,258.4,10973
2025-10-03 16:40:00+00:00,258.4,258.62,258.335,258.6,16002
2025-10-03 16:45:00+00:00,258.63,258.67,258.56,258.62,19428
2025-10-03 16:50:00+00:00,258.605,258.9,258.605,258.9,22843
2025-10-03 16:55:00+00:00,258.885,258.925,258.79,258.795,15561
2025-10-03 17:00:00+00:00,258.78,258.78,258.25,258.35,22653
2025-10-03 17:05:00+00:00,258.265,258.495,258.125,258.4,19258
2025-10-03 17:10:00+00:00,258.35,258.65,258.33,258.51,9748
2025-10-03 17:15:00+00:00,258.52,258.54,258.38,258.38,7228
2025-10-03 17:20:00+00:00,258.36,258.62,258.35,258.41,11458
2025-10-03 17:25:00+00:00,258.415,258.44,258.235,258.31,7275
2025-10-03 17:30:00+00:00,258.3,258.33,258.02,258.02,10026
2025-10-03 17:35:00+00:00,258.115,258.18,257.93,258.15,9408
2025-10-03 17:40:00+00:00,258.08,258.1,257.8,257.81,13323
2025-10-03 17:45:00+00:00,257.81,257.81,257.48,257.525,14919
2025-10-03 17:50:00+00:00,257.6,257.6,257.14,257.14,18991
2025-10-03 17:55:00+00:00,257.185,257.69,257.185,257.45,15669
2025-10-03 18:00:00+00:00,257.425,257.49,257.14,257.16,7281
2025-10-03 18:05:00+00:00,257.165,257.31,256.97,257.13,12016
2025-10-03 18:10:00+00:00,257.2,257.61,257.09,257.59,12758
2025-10-03 18:15:00+00:00,257.58,257.91,257.54,257.81,9569
2025-10-03 18:20:00+00:00,257.82,258.235,257.82,258.2,20781
2025-10-03 18:25:00+00:00,258.21,258.58,258.19,258.36,11576
2025-10-03 18:30:00+00:00,258.295,258.415,258.1,258.23,7676
2025-10-03 18:35:00+00:00,258.26,258.3,258.05,258.28,4878
2025-10-03 18:40:00+00:00,258.23,258.51,258.23,258.48,12254
2025-10-03 18:45:00+00:00,258.48,258.585,258.37,258.4,17806
2025-10-03 18:50:00+00:00,258.41,258.505,258.33,258.44,11642
2025-10-03 18:55:00+00:00,258.46,258.52,258.35,258.355,9256
2025-10-03 19:00:00+00:00,258.38,258.41,258.13,258.24,7043
2025-10-03 19:05:00+00:00,258.22,258.23,258.0,258.06,7690
2025-10-03 19:10:00+00:00,258.115,258.22,258.025,258.03,6895
2025-10-03 19:15:00+00:00,258.03,258.165,257.935,258.01,6539
2025-10-03 19:20:00+00:00,258.05,258.05,257.86,257.89,7505
2025-10-03 19:25:00+00:00,257.89,257.995,257.88,257.905,7916
2025-10-03 19:30:00+00:00,257.935,258.05,257.89,258.025,9748
2025-10-03 19:35:00+00:00,258.01,258.015,257.9,257.915,11631
2025-10-03 19:40:00+00:00,257.945,258.26,257.935,257.995,12525
2025-10-03 19:45:00+00:00,258.015,258.175,257.91,257.955,16081
2025-10-03 19:50:00+00:00,257.92,257.92,257.425,257.69,59769
2025-10-03 19:55:00+00:00,257.78,258.04,257.6,258.04,71130
2025-10-06 12:05:00+00:00,258.85,258.85,258.85,258.85,100
2025-10-06 12:55:00+00:00,258.22,258.22,258.22,258.22,170
2025-10-06 13:05:00+00:00,258.4,258.4,258.4,258.4,100
2025-10-06 13:20:00+00:00,258.5,258.5,258.5,258.5,235
2025-10-06 13:30:00+00:00,257.985,259.06,257.3,258.08,79832
2025-10-06 13:35:00+00:00,257.88,257.88,256.36,256.41,28468
2025-10-06 13:40:00+00:00,256.69,256.8,255.68,255.745,65043
2025-10-06 13:45:00+00:00,255.75,256.265,255.07,256.22,59572
2025-10-06 13:50:00+00:00,256.185,256.39,255.82,256.02,44715
2025-10-06 13:55:00+00:00,256.005,256.48,255.86,256.25,43407
2025-10-06 14:00:00+00:00,256.265,257.16,256.19,256.99,42484
2025-10-06 14:05:00+00:00,257.01,257.77,256.91,257.71,21787
2025-10-06 14:10:00+00:00,257.76,258.6,257.66,258.39,18037
2025-10-06 14:15:00+00:00,258.41,258.73,258.16,258.25,23637
2025-10-06 14:20:00+00:00,258.09,258.41,257.97,258.02,15140
2025-10-06 14:25:00+00:00,257.99,258.29,257.765,257.765,15127
2025-10-06 14:30:00+00:00,257.8,257.9,257.435,257.435,20337
2025-10-06 14:35:00+00:00,257.4,257.94,257.29,257.8,18965
2025-10-06 14:40:00+00:00,257.74,257.94,257.425,257.94,14444
2025-10-06 14:45:00+00:00,257.92,257.965,257.55,257.58,11430
2025-10-06 14:50:00+00:00,257.585,257.94,257.585,257.74,9792
2025-10-06 14:55:00+00:00,257.77,257.86,257.57,257.84,10180
2025-10-06 15:00:00+00:00,257.845,257.94,257.615,257.81,13283
2025-10-06 15:05:00+00:00,257.79,257.895,257.62,257.65,15007
2025-10-06 15:10:00+00:00,257.65,257.68,257.53,257.53,4733
2025-10-06 15:15:00+00:00,257.52,257.635,257.41,257.635,7291
2025-10-06 15:20:00+00:00,257.635,257.69,257.375,257.49,12243
2025-10-06 15:25:00+00:00,257.47,257.69,257.45,257.57,7303
2025-10-06 15:30:00+00:00,257.58,257.69,257.32,257.37,15932
2025-10-06 15:35:00+00:00,257.375,257.39,257.03,257.06,17565
2025-10-06 15:40:00+00:00,257.04,257.05,256.86,257.03,11652
2025-10-06 15:45:00+00:00,257.05,257.38,257.04,257.34,14482
2025-10-06 15:50:00+00:00,257.37,257.43,257.095,257.21,11786
2025-10-06 15:55:00+00:00,257.375,257.51,257.05,257.22,8603
2025-10-06 16:00:00+00:00,257.13,257.53,257.03,257.44,6982
2025-10-06 16:05:00+00:00,257.48,257.57,257.15,257.18,12021
2025-10-06 16:10:00+00:00,257.175,257.175,256.87,256.87,8195
2025-10-06 16:15:00+00:00,256.855,257.135,256.81,257.105,10924
2025-10-06 16:20:00+00:00,257.12,257.32,257.065,257.125,6136
2025-10-06 16:25:00+00:00,257.05,257.19,256.88,257.14,29502
2025-10-06 16:30:00+00:00,257.14,257.14,256.93,256.975,11689
2025-10-06 16:35:00+00:00,256.98,257.23,256.945,257.14,5628
2025-10-06 16:40:00+00:00,257.14,257.255,257.125,257.18,4412
2025-10-06 16:45:00+00:00,257.16,257.445,257.16,257.26,6436
2025-10-06 16:50:00+00:00,257.265,257.35,257.03,257.28,7813
2025-10-06 16:55:00+00:00,257.28,257.34,257.18,257.32,5708
2025-10-06 17:00:00+00:00,257.37,257.39,257.24,257.295,6265
2025-10-06 17:05:00+00:00,257.24,257.28,257.045,257.055,3659
2025-10-06 17:10:00+00:00,257.09,257.13,256.855,257.12,9558
2025-10-06 17:15:00+00:00,257.12,257.125,256.2,256.7,16691
2025-10-06 17:20:00+00:00,256.68,256.95,256.4,256.95,11739
2025-10-06 17:25:00+00:00,256.92,257.015,256.515,256.59,8321
2025-10-06 17:30:00+00:00,256.59,256.64,256.41,256.55,7690
2025-10-06 17:35:00+00:00,256.58,256.64,256.35,256.38,12247
2025-10-06 17:40:00+00:00,256.35,256.36,255.9,255.9,15606
2025-10-06 17:45:00+00:00,255.87,256.05,255.85,255.91,17884
2025-10-06 17:50:00+00:00,255.88,256.24,255.595,255.6,24254
2025-10-06 17:55:00+00:00,255.59,255.71,255.52,255.62,22550
2025-10-06 18:00:00+00:00,255.63,256.23,255.625,256.23,11447
2025-10-06 18:05:00+00:00,256.3,256.3,255.89,255.99,12287
2025-10-06 18:10:00+00:00,255.99,256.03,255.695,255.76,9039
2025-10-06 18:15:00+00:00,255.79,256.14,255.79,256.105,9886
2025-10-06 18:20:00+00:00,256.13,256.23,256.03,256.09,9538
2025-10-06 18:25:00+00:00,256.1,256.24,256.095,256.19,10701
2025-10-06 18:30:00+00:00,256.17,256.57,256.17,256.37,10478
2025-10-06 18:35:00+00:00,256.34,256.465,256.155,256.155,9985
2025-10-06 18:40:00+00:00,256.14,256.23,256.1,256.17,7034
2025-10-06 18:45:00+00:00,256.15,256.26,256.11,256.23,6282
2025-10-06 18:50:00+00:00,256.225,256.45,256.22,256.34,10540
2025-10-06 18:55:00+00:00,256.335,256.44,256.19,256.205,5229
2025-10-06 19:00:00+00:00,256.26,256.39,256.155,256.38,7990
2025-10-06 19:05:00+00:00,256.37,256.48,256.355,256.4,6628
2025-10-06 19:10:00+00:00,256.405,256.655,256.38,256.585,13619
2025-10-06 19:15:00+00:00,256.59,256.63,256.42,256.43,5992
2025-10-06 19:20:00+00:00,256.39,256.55,256.32,256.42,10674
2025-10-06 19:25:00+00:00,256.435,256.61,256.435,256.5,16204
2025-10-06 19:30:00+00:00,256.51,256.68,256.51,256.555,7506
2025-10-06 19:35:00+00:00,256.545,256.61,256.46,256.6,10569
2025-10-06 19:40:00+00:00,256.63,256.95,256.55,256.94,14579
2025-10-06 19:45:00+00:00,256.92,257.08,256.78,257.08,16303
2025-10-06 19:50:00+00:00,257.12,257.235,256.955,256.97,29538
2025-10-06 19:55:00+00:00,256.97,257.055,256.615,256.65,38227
2025-10-07 13:30:00+00:00,256.92,257.39,256.91,257.05,18374
2025-10-07 13:35:00+00:00,257.035,257.35,256.68,257.19,12695
2025-10-07 13:40:00+00:00,257.13,257.32,256.3,256.47,16874
2025-10-07 13:45:00+00:00,256.585,257.28,256.435,257.28,28764
2025-10-07 13:50:00+00:00,257.36,257.36,256.97,257.23,14957
2025-10-07 13:55:00+00:00,257.22,257.39,257.065,257.145,10742
2025-10-07 14:00:00+00:00,257.11,257.23,256.69,256.75,94158
2025-10-07 14:05:00+00:00,256.725,256.98,256.68,256.75,29021
2025-10-07 14:10:00+00:00,256.815,257.195,256.655,257.185,38780
2025-10-07 14:15:00+00:00,257.2,257.2,256.67,256.98,39331
2025-10-07 14:20:00+00:00,256.93,256.93,256.54,256.575,39595
2025-10-07 14:25:00+00:00,256.59,256.77,256.48,256.685,101490
2025-10-07 14:30:00+00:00,256.71,256.78,256.4,256.52,24750
2025-10-07 14:35:00+00:00,256.665,256.69,256.36,256.41,11510
2025-10-07 14:40:00+00:00,256.3,256.355,255.96,255.96,15039
2025-10-07 14:45:00+00:00,255.92,256.12,255.61,256.0,66879
2025-10-07 14:50:00+00:00,255.98,256.025,255.705,255.805,67072
2025-10-07 14:55:00+00:00,255.805,256.0,255.77,255.925,84199
2025-10-07 15:00:00+00:00,255.91,256.31,255.91,256.31,35690
2025-10-07 15:05:00+00:00,256.31,256.54,256.145,256.37,24557
2025-10-07 15:10:00+00:00,256.39,257.08,256.305,256.94,22421
2025-10-07 15:15:00+00:00,256.89,256.89,256.415,256.47,10361
2025-10-07 15:20:00+00:00,256.51,256.63,256.44,256.54,7965
2025-10-07 15:25:00+00:00,256.52,256.57,256.325,256.39,12489
2025-10-07 15:30:00+00:00,256.405,256.56,256.33,256.56,15695
2025-10-07 15:35:00+00:00,256.52,256.58,256.22,256.48,16833
2025-10-07 15:40:00+00:00,256.44,256.84,256.42,256.66,13690
2025-10-07 15:45:00+00:00,256.61,256.62,256.38,256.55,10269
2025-10-07 15:50:00+00:00,256.58,256.685,256.19,256.24,19989
2025-10-07 15:55:00+00:00,256.315,256.39,256.215,256.34,5870
2025-10-07 16:00:00+00:00,256.29,256.535,256.27,256.535,8843
2025-10-07 16:05:00+00:00,256.495,256.58,256.345,256.46,9386
2025-10-07 16:10:00+00:00,256.45,256.45,255.97,256.06,34634
2025-10-07 16:15:00+00:00,256.03,256.075,255.895,255.99,51199
2025-10-07 16:20:00+00:00,256.055,256.38,256.055,256.295,4913
2025-10-07 16:25:00+00:00,256.33,256.45,256.17,256.32,12530
2025-10-07 16:30:00+00:00,256.39,256.55,256.375,256.44,7563
2025-10-07 16:35:00+00:00,256.45,256.61,256.445,256.455,6247
2025-10-07 16:40:00+00:00,256.54,256.65,256.41,256.595,10413
2025-10-07 16:45:00+00:00,256.58,256.61,256.315,256.315,3785
2025-10-07 16:50:00+00:00,256.31,256.39,256.14,256.17,8818
2025-10-07 16:55:00+00:00,256.15,256.21,255.94,256.09,3579
2025-10-07 17:00:00+00:00,256.06,256.09,255.905,255.99,8601
2025-10-07 17:05:00+00:00,256.05,256.13,255.985,256.12,8095
2025-10-07 17:10:00+00:00,256.12,256.2,255.97,256.02,5152
2025-10-07 17:15:00+00:00,256.03,256.165,255.86,255.92,3268
2025-10-07 17:20:00+00:00,255.91,256.005,255.88,255.88,5368
2025-10-07 17:25:00+00:00,255.9,255.9,255.77,255.87,5216
2025-10-07 17:30:00+00:00,255.85,256.04,255.81,255.96,13522
2025-10-07 17:35:00+00:00,256.0,256.04,255.855,255.935,13320
2025-10-07 17:40:00+00:00,255.96,255.96,255.85,255.9,28788
2025-10-07 17:45:00+00:00,255.9,256.05,255.85,256.02,7336
2025-10-07 17:50:00+00:00,255.995,255.995,255.55,255.57,17892
2025-10-07 17:55:00+00:00,255.575,255.955,255.44,255.85,23370
2025-10-07 18:00:00+00:00,255.84,255.84,255.57,255.77,29800
2025-10-07 18:05:00+00:00,255.795,256.01,255.775,255.99,13116
2025-10-07 18:10:00+00:00,256.0,256.11,255.97,256.05,8201
2025-10-07 18:15:00+00:00,256.035,256.09,255.975,256.04,13078
2025-10-07 18:20:00+00:00,256.08,256.1,256.02,256.02,5039
2025-10-07 18:25:00+00:00,256.02,256.145,255.96,256.06,13402
2025-10-07 18:30:00+00:00,256.07,256.09,256.01,256.05,5641
2025-10-07 18:35:00+00:00,256.05,256.2,256.05,256.16,5476
2025-10-07 18:40:00+00:00,256.155,256.155,256.06,256.12,5289
2025-10-07 18:45:00+00:00,256.19,256.19,256.05,256.075,5344
2025-10-07 18:50:00+00:00,256.07,256.17,256.01,256.13,9904
2025-10-07 18:55:00+00:00,256.11,256.15,256.05,256.15,9683
2025-10-07 19:00:00+00:00,256.17,256.29,256.15,256.175,11644
2025-10-07 19:05:00+00:00,256.185,256.25,256.06,256.22,10342
2025-10-07 19:10:00+00:00,256.2,256.3,256.2,256.28,11996
2025-10-07 19:15:00+00:00,256.26,256.28,255.98,256.02,10906
2025-10-07 19:20:00+00:00,256.005,256.075,255.91,255.965,25428
2025-10-07 19:25:00+00:00,255.965,256.05,255.96,256.01,91979
2025-10-07 19:30:00+00:00,256.0,256.065,255.92,256.01,14517
2025-10-07 19:35:00+00:00,256.02,256.12,255.98,256.08,12937
2025-10-07 19:40:00+00:00,256.17,256.57,256.17,256.52,19088
2025-10-07 19:45:00+00:00,256.545,256.605,256.41,256.44,27039
2025-10-07 19:50:00+00:00,256.46,256.57,256.35,256.52,37312
2025-10-07 19:55:00+00:00,256.55,256.57,256.24,256.48,53641
2025-10-08 13:30:00+00:00,256.53,257.63,256.39,256.62,49514
2025-10-08 13:35:00+00:00,256.68,256.85,256.125,256.28,22448
2025-10-08 13:40:00+00:00,256.23,257.42,256.23,256.91,15133
2025-10-08 13:45:00+00:00,256.92,257.53,256.88,257.405,24546
2025-10-08 13:50:00+00:00,257.36,257.89,257.33,257.35,19750
2025-10-08 13:55:00+00:00,257.26,257.335,257.025,257.185,18528
2025-10-08 14:00:00+00:00,257.21,257.77,257.19,257.33,35607
2025-10-08 14:05:00+00:00,257.3,257.76,257.27,257.695,15463
2025-10-08 14:10:00+00:00,257.79,258.12,257.75,257.77,11773
2025-10-08 14:15:00+00:00,257.795,258.15,257.715,257.84,13641
2025-10-08 14:20:00+00:00,257.87,257.99,257.7,257.87,6851
2025-10-08 14:25:00+00:00,257.835,257.92,257.65,257.83,13156
2025-10-08 14:30:00+00:00,257.84,257.84,257.56,257.585,9661
2025-10-08 14:35:00+00:00,257.6,257.63,257.205,257.45,9879
2025-10-08 14:40:00+00:00,257.43,257.485,257.34,257.41,5082
2025-10-08 14:45:00+00:00,257.4,257.56,257.32,257.44,5991
2025-10-08 14:50:00+00:00,257.47,257.695,257.3,257.695,6977
2025-10-08 14:55:00+00:00,257.68,257.68,257.42,257.61,5260
2025-10-08 15:00:00+00:00,257.57,258.18,257.57,258.18,9489
2025-10-08 15:05:00+00:00,258.125,258.38,258.025,258.17,9081
2025-10-08 15:10:00+00:00,258.215,258.42,258.17,258.205,7638
2025-10-08 15:15:00+00:00,258.22,258.22,257.98,257.98,9238
2025-10-08 15:20:00+00:00,257.975,258.31,257.975,258.3,9254
2025-10-08 15:25:00+00:00,258.3,258.44,258.01,258.04,7139
2025-10-08 15:30:00+00:00,258.05,258.07,257.73,257.81,6903
2025-10-08 15:35:00+00:00,257.8,257.945,257.75,257.94,7522
2025-10-08 15:40:00+00:00,257.905,257.91,257.58,257.7,4542
2025-10-08 15:45:00+00:00,257.745,257.875,257.725,257.79,5010
2025-10-08 15:50:00+00:00,257.84,258.03,257.84,258.01,5804
2025-10-08 15:55:00+00:00,257.965,258.06,257.93,257.95,4606
2025-10-08 16:00:00+00:00,257.93,257.96,257.79,257.79,6022
2025-10-08 16:05:00+00:00,257.88,258.07,257.81,258.02,8241
2025-10-08 16:10:00+00:00,258.06,258.5,258.05,258.35,13010
2025-10-08 16:15:00+00:00,258.325,258.35,258.16,258.17,10458
2025-10-08 16:20:00+00:00,258.14,258.25,258.07,258.19,6425
2025-10-08 16:25:00+00:00,258.2,258.33,258.14,258.25,9942
2025-10-08 16:30:00+00:00,258.18,258.33,258.17,258.23,8118
2025-10-08 16:35:00+00:00,258.19,258.245,258.005,258.11,6597
2025-10-08 16:40:00+00:00,258.1,258.1,257.97,258.055,5818
2025-10-08 16:45:00+00:00,258.0,258.0,257.75,257.87,7315
2025-10-08 16:50:00+00:00,257.905,257.905,257.63,257.65,3098
2025-10-08 16:55:00+00:00,257.67,257.815,257.65,257.8,7662
2025-10-08 17:00:00+00:00,257.84,257.985,257.76,257.91,18244
2025-10-08 17:05:00+00:00,257.91,257.91,257.82,257.91,16071
2025-10-08 17:10:00+00:00,257.91,258.08,257.87,258.07,10470
2025-10-08 17:15:00+00:00,257.99,258.09,257.825,257.83,6018
2025-10-08 17:20:00+00:00,257.82,257.95,257.8,257.95,6372
2025-10-08 17:25:00+00:00,257.9,257.95,257.86,257.91,5490
2025-10-08 17:30:00+00:00,257.925,258.19,257.925,258.17,8582
2025-10-08 17:35:00+00:00,258.14,258.17,257.94,257.94,6737
2025-10-08 17:40:00+00:00,257.96,257.98,257.73,257.75,11566
2025-10-08 17:45:00+00:00,257.74,257.87,257.69,257.755,12831
2025-10-08 17:50:00+00:00,257.755,257.945,257.68,257.885,9070
2025-10-08 17:55:00+00:00,257.84,257.855,257.745,257.815,5912
2025-10-08 18:00:00+00:00,257.875,257.875,257.69,257.755,8481
2025-10-08 18:05:00+00:00,257.73,258.07,257.66,258.025,8718
2025-10-08 18:10:00+00:00,257.945,258.04,257.87,257.905,8124
2025-10-08 18:15:00+00:00,257.905,258.18,257.905,258.06,7877
2025-10-08 18:20:00+00:00,258.01,258.045,257.93,257.97,6807
2025-10-08 18:25:00+00:00,257.99,258.07,257.91,257.91,6044
2025-10-08 18:30:00+00:00,257.9,257.98,257.87,257.95,5661
2025-10-08 18:35:00+00:00,257.935,257.99,257.875,257.96,4702
2025-10-08 18:40:00+00:00,257.895,257.98,257.83,257.94,2990
2025-10-08 18:45:00+00:00,257.91,257.96,257.87,257.935,4463
2025-10-08 18:50:00+00:00,257.92,257.93,257.86,257.89,5162
2025-10-08 18:55:00+00:00,257.9,257.91,257.77,257.84,3396
2025-10-08 19:00:00+00:00,257.815,258.0,257.75,258.0,3937
2025-10-08 19:05:00+00:00,258.01,258.03,257.885,257.95,5906
2025-10-08 19:10:00+00:00,257.965,258.09,257.9,258.065,4545
2025-10-08 19:15:00+00:00,258.11,258.13,257.925,258.01,7428
2025-10-08 19:20:00+00:00,257.99,258.32,257.98,258.3,10436
2025-10-08 19:25:00+00:00,258.285,258.42,258.24,258.25,13126
2025-10-08 19:30:00+00:00,258.24,258.37,258.18,258.37,13332
2025-10-08 19:35:00+00:00,258.41,258.45,258.33,258.36,10702
2025-10-08 19:40:00+00:00,258.42,258.42,258.315,258.335,9160
2025-10-08 19:45:00+00:00,258.33,258.33,258.0,258.09,22970
2025-10-08 19:50:00+00:00,258.1,258.38,258.075,258.38,35016
2025-10-08 19:55:00+00:00,258.38,258.38,257.89,258.02,71736
2025-10-09 13:30:00+00:00,257.95,257.96,256.37,256.43,38182
2025-10-09 13:35:00+00:00,256.59,256.96,256.54,256.94,8108
2025-10-09 13:40:00+00:00,256.96,256.96,255.515,255.58,22448
2025-10-09 13:45:00+00:00,255.725,256.115,255.36,256.115,15546
2025-10-09 13:50:00+00:00,256.01,256.02,254.83,254.86,11593
2025-10-09 13:55:00+00:00,254.88,255.32,254.78,255.18,15029
2025-10-09 14:00:00+00:00,255.185,255.55,255.185,255.53,14934
2025-10-09 14:05:00+00:00,255.56,255.615,255.12,255.4,10965
2025-10-09 14:10:00+00:00,255.42,255.615,255.175,255.53,13466
2025-10-09 14:15:00+00:00,255.58,255.79,255.29,255.33,17851
2025-10-09 14:20:00+00:00,255.38,255.55,255.01,255.055,12390
2025-10-09 14:25:00+00:00,255.05,255.18,254.83,254.9,13574
2025-10-09 14:30:00+00:00,254.89,255.11,254.58,254.89,16968
2025-10-09 14:35:00+00:00,254.835,254.97,254.75,254.95,15708
2025-10-09 14:40:00+00:00,255.005,255.09,254.84,254.92,10484
2025-10-09 14:45:00+00:00,254.88,254.99,254.75,254.97,6327
2025-10-09 14:50:00+00:00,255.09,255.19,255.0,255.04,7434
2025-10-09 14:55:00+00:00,255.04,255.16,254.895,254.93,10454
2025-10-09 15:00:00+00:00,254.97,255.21,254.97,255.1,9738
2025-10-09 15:05:00+00:00,255.06,255.13,254.735,254.94,15882
2025-10-09 15:10:00+00:00,254.935,255.16,254.92,255.075,5381
2025-10-09 15:15:00+00:00,255.07,255.105,254.81,254.91,11579
2025-10-09 15:20:00+00:00,254.91,255.085,254.78,254.78,15329
2025-10-09 15:25:00+00:00,254.83,254.835,254.64,254.655,13193
2025-10-09 15:30:00+00:00,254.605,254.605,254.33,254.43,11286
2025-10-09 15:35:00+00:00,254.43,254.435,254.22,254.245,5388
2025-10-09 15:40:00+00:00,254.19,254.21,253.82,254.15,24227
2025-10-09 15:45:00+00:00,254.18,254.38,254.16,254.36,16529
2025-10-09 15:50:00+00:00,254.34,254.37,254.05,254.31,13473
2025-10-09 15:55:00+00:00,254.31,254.34,254.085,254.09,11850
2025-10-09 16:00:00+00:00,254.13,254.415,254.12,254.36,13064
2025-10-09 16:05:00+00:00,254.39,254.72,254.385,254.62,15224
2025-10-09 16:10:00+00:00,254.57,254.57,254.385,254.425,10180
2025-10-09 16:15:00+00:00,254.35,254.435,254.25,254.345,10251
2025-10-09 16:20:00+00:00,254.355,254.355,253.785,253.97,12296
2025-10-09 16:25:00+00:00,253.97,254.01,253.81,254.01,8089
2025-10-09 16:30:00+00:00,253.93,253.96,253.84,253.91,9705
2025-10-09 16:35:00+00:00,253.96,253.98,253.91,253.92,6128
2025-10-09 16:40:00+00:00,253.94,253.94,253.55,253.8,9789
2025-10-09 16:45:00+00:00,253.765,253.96,253.615,253.95,5306
2025-10-09 16:50:00+00:00,253.985,254.03,253.9,253.9,7337
2025-10-09 16:55:00+00:00,253.83,253.85,253.6,253.77,8263
2025-10-09 17:00:00+00:00,253.74,253.82,253.54,253.57,5248
2025-10-09 17:05:00+00:00,253.675,253.88,253.56,253.83,5467
2025-10-09 17:10:00+00:00,253.81,253.82,253.25,253.265,8738
2025-10-09 17:15:00+00:00,253.275,253.38,253.2,253.29,6331
2025-10-09 17:20:00+00:00,253.3,253.49,253.3,253.405,6624
2025-10-09 17:25:00+00:00,253.35,253.45,253.3,253.4,4327
2025-10-09 17:30:00+00:00,253.4,253.43,253.14,253.32,8916
2025-10-09 17:35:00+00:00,253.335,253.74,253.29,253.725,9363
2025-10-09 17:40:00+00:00,253.7,253.72,253.36,253.455,10345
2025-10-09 17:45:00+00:00,253.48,253.58,253.365,253.55,6701
2025-10-09 17:50:00+00:00,253.535,253.68,253.43,253.465,6902
2025-10-09 17:55:00+00:00,253.475,253.7,253.445,253.62,6270
2025-10-09 18:00:00+00:00,253.63,253.79,253.62,253.64,11437
2025-10-09 18:05:00+00:00,253.64,253.655,253.485,253.53,10255
2025-10-09 18:10:00+00:00,253.6,253.75,253.48,253.72,6588
2025-10-09 18:15:00+00:00,253.72,253.84,253.65,253.71,6200
2025-10-09 18:20:00+00:00,253.71,253.78,253.56,253.58,3971
2025-10-09 18:25:00+00:00,253.58,253.655,253.43,253.45,5541
2025-10-09 18:30:00+00:00,253.42,253.57,253.41,253.57,4652
2025-10-09 18:35:00+00:00,253.58,253.64,253.5,253.62,5256
2025-10-09 18:40:00+00:00,253.63,253.65,253.395,253.395,8413
2025-10-09 18:45:00+00:00,253.38,253.485,253.32,253.485,8555
2025-10-09 18:50:00+00:00,253.525,253.725,253.515,253.63,11220
2025-10-09 18:55:00+00:00,253.655,253.81,253.65,253.81,9631
2025-10-09 19:00:00+00:00,253.79,253.885,253.72,253.84,6764
2025-10-09 19:05:00+00:00,253.79,254.0,253.65,254.0,9188
2025-10-09 19:10:00+00:00,254.02,254.07,253.94,254.01,7457
2025-10-09 19:15:00+00:00,254.01,254.035,253.91,253.91,9711
2025-10-09 19:20:00+00:00,253.835,254.09,253.815,254.03,11901
2025-10-09 19:25:00+00:00,253.99,253.99,253.76,253.78,8102
2025-10-09 19:30:00+00:00,253.74,253.82,253.645,253.66,19635
2025-10-09 19:35:00+00:00,253.65,253.77,253.56,253.705,11442
2025-10-09 19:40:00+00:00,253.685,253.73,253.625,253.7,11062
2025-10-09 19:45:00+00:00,253.63,253.7,253.595,253.645,8651
2025-10-09 19:50:00+00:00,253.74,254.27,253.74,254.255,38067
2025-10-09 19:55:00+00:00,254.26,254.29,253.91,254.03,43042
2025-10-10 13:30:00+00:00,254.915,255.5,254.54,255.29,25187
2025-10-10 13:35:00+00:00,255.34,256.08,254.94,256.08,19518
2025-10-10 13:40:00+00:00,256.14,256.36,255.53,255.53,18825
2025-10-10 13:45:00+00:00,255.39,255.86,255.35,255.48,16463
2025-10-10 13:50:00+00:00,255.44,255.455,255.06,255.18,10884
2025-10-10 13:55:00+00:00,255.18,255.59,254.92,255.485,11949
2025-10-10 14:00:00+00:00,255.625,255.855,255.15,255.27,24438
2025-10-10 14:05:00+00:00,255.28,255.585,254.79,255.52,18844
2025-10-10 14:10:00+00:00,255.64,255.97,255.04,255.04,10029
2025-10-10 14:15:00+00:00,255.06,255.24,254.83,255.1,8386
2025-10-10 14:20:00+00:00,255.17,255.53,255.16,255.46,5613
2025-10-10 14:25:00+00:00,255.56,255.655,255.09,255.09,8907
2025-10-10 14:30:00+00:00,255.04,255.24,255.04,255.09,8773
2025-10-10 14:35:00+00:00,255.095,255.16,255.01,255.12,8077
2025-10-10 14:40:00+00:00,255.16,255.28,255.07,255.11,6744
2025-10-10 14:45:00+00:00,255.1,255.34,255.05,255.27,8332
2025-10-10 14:50:00+00:00,255.3,255.3,254.86,254.865,5790
2025-10-10 14:55:00+00:00,254.88,254.88,252.57,253.07,27353
2025-10-10 15:00:00+00:00,253.11,253.11,251.08,251.69,64045
2025-10-10 15:05:00+00:00,251.57,251.75,250.235,250.24,77557
2025-10-10 15:10:00+00:00,250.28,251.86,250.05,251.46,60235
2025-10-10 15:15:00+00:00,251.43,251.44,250.04,250.38,36225
2025-10-10 15:20:00+00:00,250.29,250.29,248.98,249.02,70706
2025-10-10 15:25:00+00:00,249.03,250.17,248.95,249.13,49022
2025-10-10 15:30:00+00:00,249.09,249.09,248.4,248.9,48456
2025-10-10 15:35:00+00:00,248.79,249.36,248.69,248.765,32158
2025-10-10 15:40:00+00:00,248.73,249.7,248.57,249.67,22955
2025-10-10 15:45:00+00:00,249.715,250.04,249.22,249.43,19500
2025-10-10 15:50:00+00:00,249.41,249.73,249.15,249.46,23638
2025-10-10 15:55:00+00:00,249.435,249.435,248.54,248.75,21809
2025-10-10 16:00:00+00:00,248.77,248.77,247.83,247.83,73609
2025-10-10 16:05:00+00:00,247.86,248.63,247.845,248.56,10251
2025-10-10 16:10:00+00:00,248.4,249.0,248.23,248.9,7415
2025-10-10 16:15:00+00:00,248.84,248.93,248.38,248.565,10967
2025-10-10 16:20:00+00:00,248.49,248.83,248.29,248.59,9617
2025-10-10 16:25:00+00:00,248.495,248.805,248.495,248.61,12487
2025-10-10 16:30:00+00:00,248.58,249.015,248.42,248.44,10607
2025-10-10 16:35:00+00:00,248.49,248.74,248.3,248.49,6906
2025-10-10 16:40:00+00:00,248.48,248.51,247.95,247.95,9434
2025-10-10 16:45:00+00:00,247.9,248.41,247.84,247.86,8549
2025-10-10 16:50:00+00:00,247.82,247.85,247.33,247.52,17144
2025-10-10 16:55:00+00:00,247.57,247.85,247.45,247.495,10935
2025-10-10 17:00:00+00:00,247.435,247.645,247.07,247.3,9631
2025-10-10 17:05:00+00:00,247.37,247.42,247.19,247.315,10973
2025-10-10 17:10:00+00:00,247.46,247.68,247.085,247.14,13693
2025-10-10 17:15:00+00:00,247.16,247.61,247.15,247.33,11781
2025-10-10 17:20:00+00:00,247.41,247.75,247.19,247.57,13849
2025-10-10 17:25:00+00:00,247.65,247.86,247.56,247.79,9369
2025-10-10 17:30:00+00:00,247.74,248.08,247.71,248.075,10276
2025-10-10 17:35:00+00:00,248.02,248.31,247.93,247.93,10244
2025-10-10 17:40:00+00:00,248.005,248.41,248.005,248.19,21007
2025-10-10 17:45:00+00:00,248.205,248.555,248.03,248.26,20901
2025-10-10 17:50:00+00:00,248.295,248.295,248.06,248.16,13868
2025-10-10 17:55:00+00:00,248.16,248.34,247.74,247.96,13963
2025-10-10 18:00:00+00:00,248.05,248.05,247.48,247.58,14672
2025-10-10 18:05:00+00:00,247.605,247.65,247.44,247.5,9826
2025-10-10 18:10:00+00:00,247.44,247.7,247.34,247.67,15329
2025-10-10 18:15:00+00:00,247.625,247.79,247.12,247.25,10967
2025-10-10 18:20:00+00:00,247.37,247.57,247.3,247.49,11074
2025-10-10 18:25:00+00:00,247.53,247.53,247.08,247.16,8909
2025-10-10 18:30:00+00:00,247.165,247.29,246.56,246.56,19537
2025-10-10 18:35:00+00:00,246.545,246.7,246.47,246.58,21027
2025-10-10 18:40:00+00:00,246.57,246.57,246.14,246.14,14807
2025-10-10 18:45:00+00:00,246.195,246.52,246.075,246.24,11323
2025-10-10 18:50:00+00:00,246.24,246.275,245.84,245.91,12653
2025-10-10 18:55:00+00:00,245.925,246.21,245.84,246.005,10028
2025-10-10 19:00:00+00:00,246.0,246.41,246.0,246.29,15842
2025-10-10 19:05:00+00:00,246.25,246.29,246.12,246.16,7491
2025-10-10 19:10:00+00:00,246.18,246.21,245.89,246.12,11463
2025-10-10 19:15:00+00:00,246.11,246.34,246.03,246.2,14166
2025-10-10 19:20:00+00:00,246.15,246.22,246.02,246.02,10323
2025-10-10 19:25:00+00:00,246.065,246.21,245.94,246.18,13447
2025-10-10 19:30:00+00:00,246.22,246.48,246.06,246.09,16139
2025-10-10 19:35:00+00:00,246.06,246.08,245.9,245.955,16729
2025-10-10 19:40:00+00:00,245.93,246.98,245.93,246.88,23670
2025-10-10 19:45:00+00:00,246.9,246.94,246.22,246.23,19003
2025-10-10 19:50:00+00:00,246.22,246.22,245.16,245.33,37325
2025-10-10 19:55:00+00:00,245.225,245.57,244.66,245.295,122467
2025-10-13 13:30:00+00:00,249.305,249.305,246.66,246.78,44125
2025-10-13 13:35:00+00:00,246.73,247.19,245.6,247.13,26574
2025-10-13 13:40:00+00:00,247.11,247.29,246.71,246.81,19962
2025-10-13 13:45:00+00:00,246.7,247.04,246.17,246.87,21170
2025-10-13 13:50:00+00:00,246.76,247.515,246.52,246.53,19876
2025-10-13 13:55:00+00:00,246.67,247.09,246.635,246.64,17029
2025-10-13 14:00:00+00:00,246.635,247.225,246.55,247.225,39521
2025-10-13 14:05:00+00:00,247.27,247.6,247.12,247.545,17485
2025-10-13 14:10:00+00:00,247.49,247.54,247.14,247.36,12637
2025-10-13 14:15:00+00:00,247.34,247.46,246.69,246.69,13579
2025-10-13 14:20:00+00:00,246.75,246.81,246.17,246.74,11658
2025-10-13 14:25:00+00:00,246.69,246.69,246.3,246.39,8643
2025-10-13 14:30:00+00:00,246.39,246.69,246.25,246.645,16433
2025-10-13 14:35:00+00:00,246.665,247.41,246.665,247.35,20202
2025-10-13 14:40:00+00:00,247.355,247.43,246.985,247.01,14710
2025-10-13 14:45:00+00:00,247.06,247.55,247.045,247.31,13731
2025-10-13 14:50:00+00:00,247.31,247.47,247.05,247.31,7820
2025-10-13 14:55:00+00:00,247.265,247.265,246.83,246.83,7653
2025-10-13 15:00:00+00:00,246.935,247.21,246.74,247.01,11003
2025-10-13 15:05:00+00:00,247.05,247.495,246.995,247.47,8048
2025-10-13 15:10:00+00:00,247.44,247.83,247.36,247.57,11305
2025-10-13 15:15:00+00:00,247.53,247.68,247.24,247.66,11151
2025-10-13 15:20:00+00:00,247.73,247.95,247.73,247.85,7750
2025-10-13 15:25:00+00:00,247.825,248.62,247.825,248.62,13136
2025-10-13 15:30:00+00:00,248.6,248.7,248.38,248.585,18979
2025-10-13 15:35:00+00:00,248.61,248.91,248.61,248.78,7713
2025-10-13 15:40:00+00:00,248.73,248.97,248.47,248.56,12721
2025-10-13 15:45:00+00:00,248.57,248.87,248.54,248.8,5588
2025-10-13 15:50:00+00:00,248.85,248.91,248.66,248.765,5431
2025-10-13 15:55:00+00:00,248.78,248.86,248.71,248.79,5230
2025-10-13 16:00:00+00:00,248.78,249.19,248.75,249.155,8821
2025-10-13 16:05:00+00:00,249.1,249.19,248.76,248.9,6309
2025-10-13 16:10:00+00:00,248.93,249.125,248.83,249.125,4981
2025-10-13 16:15:00+00:00,249.13,249.34,249.04,249.34,7138
2025-10-13 16:20:00+00:00,249.19,249.55,249.01,249.38,10471
2025-10-13 16:25:00+00:00,249.29,249.3,249.07,249.18,2433
2025-10-13 16:30:00+00:00,249.16,249.21,249.015,249.05,9560
2025-10-13 16:35:00+00:00,249.12,249.19,248.93,248.93,3985
2025-10-13 16:40:00+00:00,248.855,248.9,248.63,248.68,5150
2025-10-13 16:45:00+00:00,248.65,248.96,248.57,248.95,13977
2025-10-13 16:50:00+00:00,248.95,249.24,248.85,249.22,7351
2025-10-13 16:55:00+00:00,249.21,249.58,249.2,249.5,4398
2025-10-13 17:00:00+00:00,249.59,249.67,249.47,249.53,3417
2025-10-13 17:05:00+00:00,249.49,249.65,249.49,249.59,4142
2025-10-13 17:10:00+00:00,249.53,249.54,248.98,249.05,7744
2025-10-13 17:15:00+00:00,249.045,249.07,248.905,249.015,6117
2025-10-13 17:20:00+00:00,249.03,249.27,249.0,249.18,3028
2025-10-13 17:25:00+00:00,249.14,249.14,248.96,249.07,3968
2025-10-13 17:30:00+00:00,249.11,249.145,249.03,249.145,4553
2025-10-13 17:35:00+00:00,249.17,249.17,248.98,249.05,6139
2025-10-13 17:40:00+00:00,249.04,249.09,248.895,248.905,14546
2025-10-13 17:45:00+00:00,248.875,249.04,248.875,249.01,5721
2025-10-13 17:50:00+00:00,248.98,248.98,248.78,248.93,5242
2025-10-13 17:55:00+00:00,248.87,249.02,248.72,249.02,4152
2025-10-13 18:00:00+00:00,249.04,249.12,248.86,248.92,6782
2025-10-13 18:05:00+00:00,248.92,249.02,248.89,249.0,5825
2025-10-13 18:10:00+00:00,248.97,249.02,248.81,248.83,6143
2025-10-13 18:15:00+00:00,248.85,248.97,248.84,248.94,5403
2025-10-13 18:20:00+00:00,248.94,249.28,248.93,249.27,6035
2025-10-13 18:25:00+00:00,249.24,249.3,249.12,249.18,13966
2025-10-13 18:30:00+00:00,249.17,249.24,248.94,249.03,4441
2025-10-13 18:35:00+00:00,249.04,249.16,248.705,248.705,9421
2025-10-13 18:40:00+00:00,248.73,248.86,248.465,248.68,9504
2025-10-13 18:45:00+00:00,248.63,248.68,248.49,248.56,5821
2025-10-13 18:50:00+00:00,248.58,248.665,248.455,248.455,3820
2025-10-13 18:55:00+00:00,248.525,248.57,248.35,248.46,6064
2025-10-13 19:00:00+00:00,248.5,248.51,248.17,248.18,6704
2025-10-13 19:05:00+00:00,248.19,248.55,248.13,248.53,12293
2025-10-13 19:10:00+00:00,248.54,248.63,248.355,248.41,6500
2025-10-13 19:15:00+00:00,248.415,248.645,248.36,248.53,8904
2025-10-13 19:20:00+00:00,248.54,248.715,248.475,248.54,6641
2025-10-13 19:25:00+00:00,248.54,248.54,248.265,248.36,9804
2025-10-13 19:30:00+00:00,248.28,248.33,248.16,248.33,7955
2025-10-13 19:35:00+00:00,248.37,248.38,248.205,248.38,9325
2025-10-13 19:40:00+00:00,248.375,248.57,248.375,248.51,10808
2025-10-13 19:45:00+00:00,248.5,248.5,248.07,248.18,14282
2025-10-13 19:50:00+00:00,248.18,248.41,248.04,248.04,28975
2025-10-13 19:55:00+00:00,248.05,248.05,247.34,247.54,68668
2025-10-14 13:30:00+00:00,246.615,246.99,245.55,246.475,38620
2025-10-14 13:35:00+00:00,246.46,246.84,246.06,246.13,18553
2025-10-14 13:40:00+00:00,246.055,246.175,244.77,245.07,15826
2025-10-14 13:45:00+00:00,245.105,245.49,244.8,245.18,19919
2025-10-14 13:50:00+00:00,245.2,245.835,245.06,245.37,21099
2025-10-14 13:55:00+00:00,245.42,246.32,245.42,246.23,20882
2025-10-14 14:00:00+00:00,246.24,246.51,245.875,246.47,20444
2025-10-14 14:05:00+00:00,246.5,246.775,246.2,246.45,20690
2025-10-14 14:10:00+00:00,246.515,246.585,246.01,246.45,16636
2025-10-14 14:15:00+00:00,246.4,247.03,246.35,246.68,9468
2025-10-14 14:20:00+00:00,246.755,247.085,246.74,247.065,14271
2025-10-14 14:25:00+00:00,247.13,247.23,246.83,247.03,13293
2025-10-14 14:30:00+00:00,246.99,247.425,246.985,247.34,12353
2025-10-14 14:35:00+00:00,247.45,247.48,247.14,247.16,6966
2025-10-14 14:40:00+00:00,247.05,247.345,246.97,247.17,6602
2025-10-14 14:45:00+00:00,247.18,247.57,247.18,247.57,11799
2025-10-14 14:50:00+00:00,247.58,247.7,247.12,247.32,11944
2025-10-14 14:55:00+00:00,247.31,247.355,247.025,247.24,9972
2025-10-14 15:00:00+00:00,247.28,247.43,247.28,247.43,4875
2025-10-14 15:05:00+00:00,247.48,247.69,246.99,246.99,5758
2025-10-14 15:10:00+00:00,247.01,247.03,246.635,246.7,13197
2025-10-14 15:15:00+00:00,246.665,246.67,246.3,246.42,19259
2025-10-14 15:20:00+00:00,246.41,246.555,246.35,246.54,8677
2025-10-14 15:25:00+00:00,246.55,246.55,246.12,246.19,8764
2025-10-14 15:30:00+00:00,246.17,246.46,246.17,246.4,9333
2025-10-14 15:35:00+00:00,246.41,246.98,246.29,246.32,15325
2025-10-14 15:40:00+00:00,246.44,247.11,246.41,246.97,11857
2025-10-14 15:45:00+00:00,247.04,247.17,246.98,247.04,4169
2025-10-14 15:50:00+00:00,247.04,247.445,247.02,247.25,5372
2025-10-14 15:55:00+00:00,247.24,247.43,247.225,247.37,3760
2025-10-14 16:00:00+00:00,247.36,247.37,247.08,247.155,5732
2025-10-14 16:05:00+00:00,247.2,247.24,246.85,246.85,3263
2025-10-14 16:10:00+00:00,246.895,247.11,246.895,247.035,2482
2025-10-14 16:15:00+00:00,247.08,247.51,247.06,247.5,8977
2025-10-14 16:20:00+00:00,247.5,247.715,247.39,247.41,6743
2025-10-14 16:25:00+00:00,247.38,247.4,247.26,247.38,3929
2025-10-14 16:30:00+00:00,247.43,247.62,247.41,247.56,4753
2025-10-14 16:35:00+00:00,247.53,247.65,247.43,247.505,4895
2025-10-14 16:40:00+00:00,247.54,247.68,247.525,247.67,3731
2025-10-14 16:45:00+00:00,247.685,248.02,247.685,247.91,3553
2025-10-14 16:50:00+00:00,247.86,247.97,247.775,247.895,3152
2025-10-14 16:55:00+00:00,247.885,247.91,247.62,247.625,4120
2025-10-14 17:00:00+00:00,247.575,247.69,247.49,247.63,2817
2025-10-14 17:05:00+00:00,247.7,247.765,247.645,247.74,2860
2025-10-14 17:10:00+00:00,247.76,247.83,247.48,247.48,4001
2025-10-14 17:15:00+00:00,247.49,247.68,247.49,247.54,5341
2025-10-14 17:20:00+00:00,247.66,247.8,247.63,247.715,3352
2025-10-14 17:25:00+00:00,247.8,247.9,247.7,247.79,8345
2025-10-14 17:30:00+00:00,247.77,247.82,247.48,247.52,14914
2025-10-14 17:35:00+00:00,247.5,247.58,247.19,247.215,15749
2025-10-14 17:40:00+00:00,247.21,247.54,247.21,247.54,2645
2025-10-14 17:45:00+00:00,247.71,247.755,247.545,247.58,4148
2025-10-14 17:50:00+00:00,247.59,247.73,247.43,247.64,3781
2025-10-14 17:55:00+00:00,247.64,247.64,247.41,247.59,5199
2025-10-14 18:00:00+00:00,247.61,247.705,247.38,247.505,9727
2025-10-14 18:05:00+00:00,247.41,247.55,247.34,247.39,5656
2025-10-14 18:10:00+00:00,247.345,247.585,247.325,247.43,4557
2025-10-14 18:15:00+00:00,247.46,247.475,247.37,247.39,5888
2025-10-14 18:20:00+00:00,247.395,247.4,247.28,247.28,3443
2025-10-14 18:25:00+00:00,247.22,247.51,247.21,247.48,4147
2025-10-14 18:30:00+00:00,247.49,247.61,247.49,247.56,3295
2025-10-14 18:35:00+00:00,247.51,247.51,247.19,247.23,4492
2025-10-14 18:40:00+00:00,247.19,247.5,247.16,247.5,6852
2025-10-14 18:45:00+00:00,247.47,247.535,247.38,247.53,3283
2025-10-14 18:50:00+00:00,247.54,247.63,247.485,247.54,3946
2025-10-14 18:55:00+00:00,247.555,247.95,247.5,247.93,14478
2025-10-14 19:00:00+00:00,247.95,248.715,247.95,248.48,17625
2025-10-14 19:05:00+00:00,248.49,248.66,248.21,248.21,13158
2025-10-14 19:10:00+00:00,248.25,248.33,247.99,248.01,10699
2025-10-14 19:15:00+00:00,248.06,248.06,247.9,247.965,7064
2025-10-14 19:20:00+00:00,247.99,248.34,247.99,248.2,12769
2025-10-14 19:25:00+00:00,248.25,248.43,248.11,248.43,11059
2025-10-14 19:30:00+00:00,248.415,248.795,248.41,248.7,35671
2025-10-14 19:35:00+00:00,248.71,248.83,247.89,248.46,55415
2025-10-14 19:40:00+00:00,248.45,248.49,246.89,247.09,21080
2025-10-14 19:45:00+00:00,247.09,247.37,246.92,247.14,19281
2025-10-14 19:50:00+00:00,247.08,247.63,246.73,247.41,22746
2025-10-14 19:55:00+00:00,247.36,248.02,247.15,247.96,38876
2025-10-15 12:10:00+00:00,248.89,248.89,248.89,248.89,265
2025-10-15 13:30:00+00:00,249.425,250.25,248.72,249.115,56209
2025-10-15 13:35:00+00:00,249.1,249.66,249.035,249.44,29057
2025-10-15 13:40:00+00:00,249.565,250.635,249.4,249.56,24486
2025-10-15 13:45:00+00:00,249.58,250.1,249.46,249.71,20759
2025-10-15 13:50:00+00:00,249.75,250.185,249.42,249.88,9763
2025-10-15 13:55:00+00:00,249.92,250.72,249.92,250.685,11045
2025-10-15 14:00:00+00:00,250.77,251.68,250.77,251.68,25238
2025-10-15 14:05:00+00:00,251.735,251.785,251.21,251.41,33812
2025-10-15 14:10:00+00:00,251.54,251.78,250.77,250.77,21109
2025-10-15 14:15:00+00:00,250.97,251.45,250.95,251.42,14961
2025-10-15 14:20:00+00:00,251.41,251.445,251.14,251.22,15253
2025-10-15 14:25:00+00:00,251.22,251.325,250.77,250.855,22703
2025-10-15 14:30:00+00:00,250.9,251.185,250.87,251.17,16734
2025-10-15 14:35:00+00:00,251.24,251.435,250.85,250.85,22146
2025-10-15 14:40:00+00:00,250.87,250.89,250.65,250.8,43529
2025-10-15 14:45:00+00:00,250.815,250.85,250.445,250.49,11210
2025-10-15 14:50:00+00:00,250.48,250.59,250.31,250.4,17905
2025-10-15 14:55:00+00:00,250.39,250.58,250.28,250.52,18495
2025-10-15 15:00:00+00:00,250.63,250.82,250.56,250.82,13968
2025-10-15 15:05:00+00:00,250.83,250.83,250.54,250.63,6938
2025-10-15 15:10:00+00:00,250.62,250.645,250.38,250.42,13208
2025-10-15 15:15:00+00:00,250.39,250.55,250.32,250.435,12806
2025-10-15 15:20:00+00:00,250.41,250.47,250.12,250.195,14624
2025-10-15 15:25:00+00:00,250.16,250.43,249.81,249.85,19970
2025-10-15 15:30:00+00:00,249.83,249.85,249.39,249.51,14053
2025-10-15 15:35:00+00:00,249.46,249.645,249.19,249.64,7943
2025-10-15 15:40:00+00:00,249.59,249.59,249.07,249.41,10221
2025-10-15 15:45:00+00:00,249.42,249.42,249.135,249.34,9540
2025-10-15 15:50:00+00:00,249.3,249.3,248.72,248.82,20445
2025-10-15 15:55:00+00:00,248.795,249.28,248.795,248.95,19581
2025-10-15 16:00:00+00:00,248.945,249.685,248.945,249.43,15107
2025-10-15 16:05:00+00:00,249.4,249.78,249.29,249.68,4038
2025-10-15 16:10:00+00:00,249.715,249.83,249.54,249.83,8691
2025-10-15 16:15:00+00:00,249.89,249.94,249.66,249.73,7958
2025-10-15 16:20:00+00:00,249.77,249.945,249.73,249.945,5613
2025-10-15 16:25:00+00:00,249.98,250.01,249.7,249.84,9177
2025-10-15 16:30:00+00:00,249.74,249.935,249.64,249.69,11205
2025-10-15 16:35:00+00:00,249.72,249.885,249.62,249.73,9767
2025-10-15 16:40:00+00:00,249.74,249.74,249.465,249.48,12449
2025-10-15 16:45:00+00:00,249.49,249.49,249.05,249.1,15162
2025-10-15 16:50:00+00:00,249.03,249.03,248.7,248.84,13178
2025-10-15 16:55:00+00:00,248.82,249.05,248.765,249.045,5967
2025-10-15 17:00:00+00:00,248.99,248.99,248.35,248.67,8525
2025-10-15 17:05:00+00:00,248.705,248.875,248.52,248.64,4405
2025-10-15 17:10:00+00:00,248.6,248.6,247.86,247.885,12235
2025-10-15 17:15:00+00:00,247.81,248.08,247.47,247.93,11129
2025-10-15 17:20:00+00:00,247.93,248.245,247.71,248.17,8668
2025-10-15 17:25:00+00:00,248.31,248.31,247.92,248.11,11570
2025-10-15 17:30:00+00:00,248.07,248.64,248.05,248.565,17841
2025-10-15 17:35:00+00:00,248.62,249.05,248.62,248.935,11963
2025-10-15 17:40:00+00:00,248.95,249.12,248.89,249.09,10992
2025-10-15 17:45:00+00:00,249.12,249.385,249.12,249.25,6566
2025-10-15 17:50:00+00:00,249.26,249.54,249.26,249.48,6223
2025-10-15 17:55:00+00:00,249.47,249.705,249.38,249.61,9685
2025-10-15 18:00:00+00:00,249.51,249.62,249.27,249.3,6665
2025-10-15 18:05:00+00:00,249.27,249.525,249.26,249.525,6869
2025-10-15 18:10:00+00:00,249.45,249.635,249.32,249.4,8020
2025-10-15 18:15:00+00:00,249.44,249.56,249.43,249.495,2703
2025-10-15 18:20:00+00:00,249.46,249.77,249.43,249.62,13893
2025-10-15 18:25:00+00:00,249.61,249.73,249.57,249.61,4623
2025-10-15 18:30:00+00:00,249.63,249.79,249.63,249.745,4667
2025-10-15 18:35:00+00:00,249.71,249.74,249.48,249.48,5063
2025-10-15 18:40:00+00:00,249.555,249.86,249.53,249.69,8125
2025-10-15 18:45:00+00:00,249.72,249.75,249.63,249.7,2780
2025-10-15 18:50:00+00:00,249.75,249.97,249.75,249.88,6300
2025-10-15 18:55:00+00:00,249.865,249.99,249.765,249.95,10778
2025-10-15 19:00:00+00:00,249.95,250.0,249.725,249.77,6063
2025-10-15 19:05:00+00:00,249.76,249.805,249.6,249.65,13306
2025-10-15 19:10:00+00:00,249.66,249.745,249.51,249.745,7615
2025-10-15 19:15:00+00:00,249.785,250.11,249.76,250.005,7922
